churn,total day minutes,total day calls,total eve minutes,customer service calls,international plan,voice mail plan,number vmail messages,service_call_rate,total_calls,Churn Status
False,265.1,110,197.4,1,no,yes,25,0.003289473684210526,303,Not Churned
False,161.6,123,195.5,1,no,yes,26,0.003003003003003003,332,Not Churned
False,243.4,114,121.2,0,no,no,0,0.0,333,Not Churned
False,299.4,71,61.9,2,yes,no,0,0.0078125,255,Not Churned
False,166.7,113,148.3,3,yes,no,0,0.008333333333333333,359,Not Churned
False,223.4,98,220.6,0,yes,no,0,0.0,323,Not Churned
False,218.2,88,348.5,3,no,yes,24,0.009316770186335404,321,Not Churned
False,157.0,79,103.1,0,yes,no,0,0.0,275,Not Churned
False,184.5,97,351.6,1,no,no,0,0.003676470588235294,271,Not Churned
False,258.6,84,222.0,0,yes,yes,37,0.0,297,Not Churned
True,129.1,137,228.5,4,no,no,0,0.011834319526627219,337,Churned
False,187.7,127,163.4,0,no,no,0,0.0,374,Not Churned
False,128.8,96,104.9,1,no,no,0,0.003355704697986577,297,Not Churned
False,156.6,88,247.6,3,no,no,0,0.01056338028169014,283,Not Churned
False,120.7,70,307.2,4,no,no,0,0.015873015873015872,251,Not Churned
True,332.9,67,317.8,4,no,no,0,0.013245033112582781,301,Churned
False,196.4,139,280.9,1,no,yes,27,0.003236245954692557,308,Not Churned
False,190.7,114,218.2,3,no,no,0,0.008571428571428572,349,Not Churned
False,189.7,66,212.8,1,no,yes,33,0.004081632653061225,244,Not Churned
False,224.4,90,159.5,1,no,no,0,0.00392156862745098,254,Not Churned
False,155.1,117,239.7,0,no,no,0,0.0,347,Not Churned
True,62.4,89,169.9,5,no,no,0,0.017793594306049824,280,Churned
False,183.0,112,72.9,0,no,no,0,0.0,308,Not Churned
False,110.4,103,137.3,2,no,no,0,0.006309148264984227,316,Not Churned
False,81.1,86,245.2,0,no,no,0,0.0,275,Not Churned
False,124.3,76,277.1,3,no,no,0,0.009708737864077669,308,Not Churned
False,213.0,115,191.1,0,no,yes,39,0.0,345,Not Churned
False,134.3,73,155.5,3,no,no,0,0.012195121951219513,245,Not Churned
False,190.0,109,258.2,0,no,no,0,0.0,301,Not Churned
False,119.3,117,215.1,1,no,no,0,0.0031446540880503146,317,Not Churned
False,84.8,95,136.7,2,no,no,0,0.006389776357827476,312,Not Churned
False,226.1,105,201.5,1,no,no,0,0.0031645569620253164,315,Not Churned
False,212.0,121,31.2,3,no,no,0,0.009230769230769232,324,Not Churned
True,249.6,118,252.4,1,no,no,0,0.0030211480362537764,330,Churned
False,176.8,94,195.0,0,no,yes,25,0.0,289,Not Churned
False,220.0,80,217.3,3,no,yes,37,0.011538461538461539,259,Not Churned
False,146.3,128,162.5,0,no,yes,30,0.0,323,Not Churned
False,130.8,64,223.7,1,no,no,0,0.003401360544217687,293,Not Churned
False,203.9,106,187.6,3,yes,yes,33,0.009404388714733543,318,Not Churned
False,140.4,94,271.8,1,no,no,0,0.003289473684210526,303,Not Churned
False,126.3,102,166.8,3,no,no,0,0.009230769230769232,324,Not Churned
True,173.1,85,203.9,0,yes,yes,41,0.0,285,Churned
False,124.8,82,282.2,2,no,no,0,0.0076045627376425855,262,Not Churned
False,85.8,77,165.3,3,no,no,0,0.01056338028169014,283,Not Churned
False,154.0,67,225.8,1,no,no,0,0.0036363636363636364,274,Not Churned
False,120.9,97,213.0,2,no,yes,28,0.006430868167202572,310,Not Churned
False,211.3,120,162.6,3,no,no,0,0.00819672131147541,365,Not Churned
False,187.0,133,134.6,2,no,no,0,0.0058823529411764705,339,Not Churned
True,159.1,114,231.3,5,no,no,0,0.015337423312883436,325,Churned
False,133.2,135,217.2,1,no,yes,24,0.0036231884057971015,275,Not Churned
False,191.9,108,269.8,3,no,no,0,0.010101010101010102,296,Not Churned
False,220.6,57,211.1,1,no,no,0,0.003278688524590164,304,Not Churned
False,186.1,112,190.2,2,no,no,0,0.008264462809917356,241,Not Churned
False,160.2,117,267.5,2,no,no,0,0.007751937984496124,257,Not Churned
True,151.0,83,219.7,5,no,no,0,0.015151515151515152,329,Churned
False,175.5,67,249.3,1,no,no,0,0.003937007874015748,253,Not Churned
False,126.9,98,180.0,1,no,no,0,0.003436426116838488,290,Not Churned
True,198.4,129,75.3,3,no,yes,30,0.010452961672473868,286,Churned
False,148.8,70,246.5,3,no,no,0,0.008797653958944282,340,Not Churned
False,229.3,103,177.4,1,no,no,0,0.003003003003003003,332,Not Churned
False,192.1,97,169.9,1,no,no,0,0.004,249,Not Churned
False,268.6,83,178.2,2,no,yes,34,0.005970149253731343,334,Not Churned
False,193.7,91,246.1,2,no,yes,33,0.007067137809187279,282,Not Churned
False,180.7,92,187.8,3,no,yes,28,0.014084507042253521,212,Not Churned
False,131.2,98,162.9,2,no,no,0,0.006493506493506494,307,Not Churned
False,148.1,74,169.5,2,no,yes,41,0.007407407407407408,269,Not Churned
False,251.5,105,212.8,0,yes,no,0,0.0,280,Not Churned
False,125.2,93,206.4,0,yes,no,0,0.0,359,Not Churned
False,211.6,70,216.9,1,no,no,0,0.0047169811320754715,211,Not Churned
True,178.9,101,169.1,4,no,no,0,0.012698412698412698,314,Churned
False,241.8,93,170.5,3,no,no,0,0.010416666666666666,287,Not Churned
False,224.9,97,188.2,0,no,yes,46,0.0,244,Not Churned
False,248.6,83,148.9,3,no,no,0,0.010638297872340425,281,Not Churned
False,203.4,146,226.7,1,no,no,0,0.002680965147453083,372,Not Churned
False,235.8,109,157.2,0,no,no,0,0.0,305,Not Churned
False,157.1,90,223.3,1,no,no,0,0.0036231884057971015,275,Not Churned
True,300.3,109,181.0,0,no,no,0,0.0,286,Churned
True,61.6,117,77.1,4,no,no,0,0.012944983818770227,308,Churned
False,214.1,72,164.4,2,no,no,0,0.006825938566552901,292,Not Churned
False,170.2,98,155.2,1,no,no,0,0.0035842293906810036,278,Not Churned
False,201.1,99,303.5,1,no,no,0,0.003389830508474576,294,Not Churned
False,215.4,104,204.8,3,yes,no,0,0.010067114093959731,297,Not Churned
False,165.6,123,136.1,3,no,yes,25,0.00964630225080386,310,Not Churned
False,249.5,101,259.7,1,no,yes,24,0.003676470588235294,271,Not Churned
True,210.6,96,249.2,2,no,no,0,0.007380073800738007,270,Churned
False,179.3,104,225.9,0,no,yes,29,0.0,275,Not Churned
True,157.9,105,155.0,4,no,no,0,0.013513513513513514,295,Churned
False,214.3,118,208.5,1,no,no,0,0.003389830508474576,294,Not Churned
False,154.1,104,123.4,2,no,yes,35,0.00784313725490196,254,Not Churned
True,237.9,125,247.6,1,no,no,0,0.003436426116838488,290,Churned
False,143.9,61,194.9,1,no,no,0,0.0038022813688212928,262,Not Churned
True,203.4,100,190.9,0,no,no,0,0.0,327,Churned
False,124.3,100,173.0,1,no,no,0,0.0035842293906810036,278,Not Churned
False,252.9,93,178.4,3,no,no,0,0.009433962264150943,317,Not Churned
False,179.1,71,190.6,3,no,no,0,0.01195219123505976,250,Not Churned
False,278.4,106,81.0,1,no,no,0,0.0027624309392265192,361,Not Churned
False,160.1,110,213.3,0,no,no,0,0.0,258,Not Churned
False,198.2,87,207.3,4,no,no,0,0.014285714285714285,279,Not Churned
True,212.1,131,209.4,1,no,no,0,0.002967359050445104,336,Churned
True,251.8,72,205.7,2,no,no,0,0.006349206349206349,314,Churned
False,161.2,114,252.2,4,no,yes,21,0.013422818791946308,297,Not Churned
False,178.3,137,189.0,0,no,no,0,0.0,320,Not Churned
False,151.7,82,119.0,0,no,no,0,0.0,293,Not Churned
False,135.0,99,183.6,1,no,no,0,0.0031545741324921135,316,Not Churned
False,170.5,94,173.7,1,no,no,0,0.0035587188612099642,280,Not Churned
False,238.1,65,187.2,4,no,no,0,0.014134275618374558,282,Not Churned
False,281.4,102,202.2,2,no,yes,29,0.006711409395973154,297,Not Churned
False,117.9,131,164.5,1,no,yes,21,0.002976190476190476,335,Not Churned
False,148.6,91,131.1,1,no,yes,32,0.0030120481927710845,331,Not Churned
False,229.8,90,147.9,3,no,no,0,0.009174311926605505,326,Not Churned
False,165.0,100,317.2,1,no,no,0,0.0035971223021582736,277,Not Churned
False,185.0,117,223.3,2,no,no,0,0.006557377049180328,304,Not Churned
False,161.0,117,190.9,4,no,no,0,0.011494252873563218,347,Not Churned
False,126.7,108,206.0,1,no,no,0,0.003125,319,Not Churned
False,58.9,125,169.6,1,no,no,0,0.0036231884057971015,275,Not Churned
True,196.8,89,254.9,0,yes,yes,42,0.0,343,Churned
False,162.6,83,152.3,1,no,no,0,0.0031446540880503146,317,Not Churned
True,282.5,114,219.9,1,no,no,0,0.0035460992907801418,281,Churned
False,113.7,117,157.5,2,no,yes,36,0.006230529595015576,320,Not Churned
False,239.8,125,214.8,2,no,no,0,0.006191950464396285,322,Not Churned
False,210.2,92,227.3,1,no,no,0,0.0034129692832764505,292,Not Churned
False,213.8,102,141.8,0,no,yes,22,0.0,314,Not Churned
False,190.7,103,183.5,3,no,no,0,0.009146341463414634,327,Not Churned
False,170.9,124,132.3,1,no,no,0,0.003205128205128205,311,Not Churned
False,154.2,119,110.2,2,no,no,0,0.0058823529411764705,339,Not Churned
False,201.4,52,229.4,1,no,no,0,0.0037593984962406013,265,Not Churned
True,70.7,108,157.5,4,no,no,0,0.014234875444839857,280,Churned
True,187.5,124,146.6,4,no,yes,27,0.011019283746556474,362,Churned
False,91.7,90,193.7,2,no,no,0,0.006578947368421052,303,Not Churned
False,214.2,115,161.7,3,no,yes,36,0.008849557522123894,338,Not Churned
False,145.5,92,217.7,3,no,no,0,0.009036144578313253,331,Not Churned
False,166.3,125,158.2,1,no,no,0,0.003367003367003367,296,Not Churned
False,231.0,115,230.4,1,no,no,0,0.002638522427440633,378,Not Churned
False,200.3,96,201.2,4,no,no,0,0.015384615384615385,259,Not Churned
False,197.0,109,202.6,1,no,no,0,0.003048780487804878,327,Not Churned
False,129.9,112,173.3,3,yes,no,0,0.00911854103343465,328,Not Churned
False,175.8,97,217.5,5,no,yes,21,0.014619883040935672,341,Not Churned
False,203.1,106,210.1,3,no,no,0,0.008522727272727272,351,Not Churned
False,183.2,117,126.8,1,no,yes,36,0.003663003663003663,272,Not Churned
False,205.0,101,152.0,2,no,yes,23,0.008849557522123894,225,Not Churned
False,148.5,115,276.4,1,no,no,0,0.0031746031746031746,314,Not Churned
False,200.3,68,220.4,0,no,yes,39,0.0,285,Not Churned
False,192.6,107,195.5,3,no,yes,28,0.009202453987730062,325,Not Churned
False,246.5,47,195.5,1,no,no,0,0.004310344827586207,231,Not Churned
True,167.1,86,177.5,2,yes,no,0,0.006389776357827476,312,Churned
False,231.9,101,160.1,3,no,no,0,0.01,299,Not Churned
False,146.7,91,203.5,1,no,no,0,0.0035335689045936395,282,Not Churned
False,271.5,87,216.3,1,yes,no,0,0.0030959752321981426,322,Not Churned
False,181.5,121,218.4,1,no,no,0,0.003048780487804878,327,Not Churned
False,257.7,97,162.1,2,no,yes,43,0.007067137809187279,282,Not Churned
False,193.8,99,221.4,1,no,no,0,0.003355704697986577,297,Not Churned
False,102.8,119,206.7,1,no,no,0,0.0030959752321981426,322,Not Churned
False,187.9,116,157.6,1,no,no,0,0.003067484662576687,325,Not Churned
False,226.0,112,248.5,1,no,no,0,0.0026041666666666665,383,Not Churned
False,260.4,115,146.0,5,no,no,0,0.019762845849802372,252,Not Churned
False,178.7,116,292.1,0,no,no,0,0.0,359,Not Churned
True,337.4,120,227.4,0,no,no,0,0.0,357,Churned
False,157.6,129,247.0,0,no,yes,23,0.0,339,Not Churned
False,183.6,117,256.7,1,no,no,0,0.0036900369003690036,270,Not Churned
False,142.1,124,183.4,1,no,yes,24,0.002688172043010753,371,Not Churned
False,136.3,97,172.2,0,no,no,0,0.0,311,Not Churned
False,217.1,110,241.5,0,no,no,0,0.0,330,Not Churned
False,187.5,99,241.4,3,no,yes,36,0.009202453987730062,325,Not Churned
False,98.9,103,135.4,1,no,no,0,0.003236245954692557,308,Not Churned
False,206.3,151,148.6,1,no,no,0,0.0029850746268656717,334,Not Churned
False,243.1,92,213.8,2,no,yes,33,0.006872852233676976,290,Not Churned
False,189.8,126,163.3,1,no,yes,31,0.002570694087403599,388,Not Churned
False,202.0,102,243.2,1,no,no,0,0.0030864197530864196,323,Not Churned
False,170.1,124,193.3,1,no,yes,38,0.0031446540880503146,317,Not Churned
False,230.9,87,187.4,0,no,no,0,0.0,232,Not Churned
False,237.1,105,223.5,1,no,no,0,0.003424657534246575,291,Not Churned
False,182.1,91,169.7,2,no,yes,27,0.0071174377224199285,280,Not Churned
False,119.3,87,211.5,3,no,no,0,0.010752688172043012,278,Not Churned
False,116.8,87,178.9,1,no,no,0,0.003003003003003003,332,Not Churned
False,219.2,92,149.4,0,no,no,0,0.0,326,Not Churned
False,252.6,104,169.0,2,no,no,0,0.0058309037900874635,342,Not Churned
False,147.1,91,190.4,0,no,no,0,0.0,316,Not Churned
False,202.1,103,229.4,2,no,no,0,0.006535947712418301,305,Not Churned
False,173.5,93,194.1,3,no,no,0,0.010273972602739725,291,Not Churned
False,232.1,122,292.3,3,no,no,0,0.008645533141210375,346,Not Churned
False,197.1,125,214.5,4,yes,yes,23,0.010810810810810811,369,Not Churned
True,58.2,94,138.7,5,no,no,0,0.01639344262295082,304,Churned
False,115.6,111,237.7,2,no,yes,36,0.006230529595015576,320,Not Churned
False,186.1,98,254.3,2,no,no,0,0.006896551724137931,289,Not Churned
False,259.9,68,245.0,3,yes,no,0,0.009523809523809525,314,Not Churned
False,214.3,145,268.5,1,no,no,0,0.0025906735751295338,385,Not Churned
False,158.7,74,64.3,1,no,no,0,0.003115264797507788,320,Not Churned
False,271.6,71,229.4,2,no,no,0,0.006578947368421052,303,Not Churned
False,160.6,111,163.2,1,no,no,0,0.0028328611898017,352,Not Churned
False,232.4,109,187.4,1,no,no,0,0.0031746031746031746,314,Not Churned
False,133.8,85,180.5,0,no,no,0,0.0,298,Not Churned
False,176.9,109,90.7,1,no,no,0,0.0035087719298245615,284,Not Churned
False,209.9,74,195.1,2,no,no,0,0.007272727272727273,274,Not Churned
False,137.5,118,203.2,0,no,no,0,0.0,339,Not Churned
False,289.5,52,166.6,1,no,yes,23,0.00390625,255,Not Churned
False,198.1,86,177.0,1,no,yes,23,0.0036900369003690036,270,Not Churned
False,149.7,119,182.2,0,no,no,0,0.0,368,Not Churned
True,326.5,67,176.3,2,no,no,0,0.006920415224913495,288,Churned
True,292.9,101,199.7,4,yes,yes,26,0.012012012012012012,332,Churned
False,83.0,64,177.0,0,no,no,0,0.0,262,Not Churned
False,145.7,146,220.5,3,no,yes,24,0.0078125,383,Not Churned
False,182.3,101,328.2,2,no,no,0,0.0061162079510703364,326,Not Churned
False,218.0,86,184.0,3,no,no,0,0.010033444816053512,298,Not Churned
False,140.6,109,178.6,2,no,no,0,0.008097165991902834,246,Not Churned
False,152.7,105,257.5,1,no,no,0,0.0035335689045936395,282,Not Churned
False,106.7,76,209.8,1,no,yes,36,0.003663003663003663,272,Not Churned
False,243.8,98,83.9,2,no,no,0,0.0076045627376425855,262,Not Churned
False,194.4,94,186.7,3,no,no,0,0.010526315789473684,284,Not Churned
False,213.9,95,151.9,3,no,no,0,0.010169491525423728,294,Not Churned
False,217.2,112,246.7,3,no,no,0,0.010067114093959731,297,Not Churned
False,241.1,72,155.6,1,no,no,0,0.0034482758620689655,289,Not Churned
False,203.5,100,247.6,0,yes,no,0,0.0,308,Not Churned
False,155.2,131,244.5,1,no,yes,24,0.003236245954692557,308,Not Churned
False,167.6,139,113.0,1,no,yes,31,0.0025974025974025974,384,Not Churned
True,226.7,98,228.1,2,yes,no,0,0.006430868167202572,310,Churned
False,179.3,93,178.6,3,no,no,0,0.00911854103343465,328,Not Churned
False,151.4,89,186.4,0,no,no,0,0.0,288,Not Churned
False,180.0,80,224.2,3,no,no,0,0.011494252873563218,260,Not Churned
True,250.2,121,267.1,1,no,no,0,0.0028089887640449437,355,Churned
False,223.0,121,110.1,0,no,no,0,0.0,338,Not Churned
False,183.6,116,152.6,3,no,no,0,0.009375,319,Not Churned
False,166.0,114,174.5,1,no,yes,22,0.003424657534246575,291,Not Churned
False,136.1,112,272.9,1,no,no,0,0.0031746031746031746,314,Not Churned
False,149.3,113,242.2,2,no,no,0,0.005780346820809248,345,Not Churned
False,65.4,97,168.2,2,no,no,0,0.006944444444444444,287,Not Churned
False,213.4,111,234.5,1,no,no,0,0.003003003003003003,332,Not Churned
False,206.9,85,244.7,3,no,no,0,0.009933774834437087,301,Not Churned
False,186.2,78,189.6,2,no,yes,27,0.006578947368421052,303,Not Churned
False,280.2,136,220.5,4,no,yes,23,0.011976047904191617,333,Not Churned
False,196.6,84,313.2,0,no,yes,22,0.0,287,Not Churned
True,312.0,109,129.4,0,yes,no,0,0.0,285,Churned
False,199.0,110,291.3,1,yes,yes,36,0.003125,319,Not Churned
False,203.1,96,217.0,3,no,no,0,0.008645533141210375,346,Not Churned
False,168.8,97,220.3,0,no,no,0,0.0,299,Not Churned
False,173.1,140,240.3,1,yes,no,0,0.002717391304347826,367,Not Churned
True,134.4,106,211.3,5,no,no,0,0.015060240963855422,331,Churned
False,202.6,103,118.8,2,no,yes,40,0.0058997050147492625,338,Not Churned
False,74.5,117,200.8,3,no,no,0,0.009259259259259259,323,Not Churned
False,83.6,148,120.9,0,no,no,0,0.0,358,Not Churned
False,192.2,86,168.6,1,no,no,0,0.0033783783783783786,295,Not Churned
False,220.2,89,88.3,0,no,no,0,0.0,298,Not Churned
True,135.1,95,134.1,2,yes,no,0,0.0071174377224199285,280,Churned
False,253.4,77,182.4,1,no,no,0,0.0029940119760479044,333,Not Churned
False,225.0,81,176.9,3,no,no,0,0.011673151750972763,256,Not Churned
True,198.5,99,267.8,0,no,no,0,0.0,237,Churned
False,110.3,107,166.5,0,no,no,0,0.0,301,Not Churned
False,60.0,102,102.2,0,no,yes,37,0.0,291,Not Churned
False,214.8,94,149.7,0,no,no,0,0.0,223,Not Churned
False,181.8,85,202.4,4,no,no,0,0.014134275618374558,282,Not Churned
False,154.0,114,278.0,2,no,yes,23,0.005434782608695652,367,Not Churned
True,157.4,99,117.9,4,no,yes,29,0.014814814814814815,269,Churned
False,207.9,91,172.0,4,no,no,0,0.011396011396011397,350,Not Churned
False,207.0,90,232.9,3,no,no,0,0.010344827586206896,289,Not Churned
False,119.0,101,230.0,0,no,yes,41,0.0,296,Not Churned
False,143.7,117,273.0,0,yes,no,0,0.0,283,Not Churned
False,165.9,126,216.5,4,no,yes,32,0.012738853503184714,313,Not Churned
False,138.6,122,172.3,1,no,no,0,0.0029850746268656717,334,Not Churned
False,84.7,118,249.9,1,no,no,0,0.003246753246753247,307,Not Churned
True,62.6,111,180.6,1,yes,no,0,0.003125,319,Churned
False,155.2,79,235.3,1,no,no,0,0.003484320557491289,286,Not Churned
False,164.9,110,209.3,1,no,yes,25,0.0035714285714285713,279,Not Churned
False,134.5,88,143.1,1,no,no,0,0.0038022813688212928,262,Not Churned
False,143.3,103,211.3,1,no,no,0,0.003215434083601286,310,Not Churned
False,168.3,110,221.2,1,no,no,0,0.003115264797507788,320,Not Churned
False,262.4,55,194.6,2,no,no,0,0.007692307692307693,259,Not Churned
False,206.2,79,260.0,1,no,yes,30,0.0038461538461538464,259,Not Churned
False,225.8,94,193.0,4,no,yes,28,0.012461059190031152,320,Not Churned
False,138.3,89,170.5,3,no,no,0,0.011029411764705883,271,Not Churned
False,94.4,104,136.2,0,no,yes,48,0.0,298,Not Churned
False,160.0,123,175.4,2,yes,no,0,0.006211180124223602,321,Not Churned
False,206.6,105,224.9,0,no,no,0,0.0,325,Not Churned
False,134.7,121,180.0,1,no,no,0,0.003205128205128205,311,Not Churned
False,214.4,78,235.2,3,no,yes,28,0.010033444816053512,298,Not Churned
False,192.8,104,234.4,3,no,no,0,0.009836065573770493,304,Not Churned
False,151.1,90,194.8,1,no,yes,28,0.003484320557491289,286,Not Churned
False,221.4,103,231.8,3,no,no,0,0.009615384615384616,311,Not Churned
False,218.9,88,208.0,0,yes,no,0,0.0,276,Not Churned
True,189.8,96,123.4,2,no,yes,48,0.007352941176470588,271,Churned
False,192.7,85,225.9,2,no,yes,25,0.0078125,255,Not Churned
False,204.4,135,219.1,3,yes,no,0,0.008670520231213872,345,Not Churned
False,172.3,97,174.0,2,no,no,0,0.0060790273556231,328,Not Churned
False,198.4,93,210.9,2,no,no,0,0.007168458781362007,278,Not Churned
False,211.7,115,159.9,1,no,yes,37,0.0035587188612099642,280,Not Churned
False,221.6,74,288.4,1,no,yes,28,0.0035460992907801418,281,Not Churned
False,197.9,108,181.5,3,no,no,0,0.010752688172043012,278,Not Churned
False,147.5,90,175.7,2,no,yes,24,0.006578947368421052,303,Not Churned
False,206.4,122,128.0,2,no,no,0,0.006369426751592357,313,Not Churned
False,205.9,88,209.3,2,no,no,0,0.0076045627376425855,262,Not Churned
False,207.6,88,132.4,0,no,no,0,0.0,254,Not Churned
True,303.9,95,260.9,1,no,no,0,0.0033112582781456954,301,Churned
False,230.6,121,219.4,0,no,yes,34,0.0,316,Not Churned
False,99.5,110,129.1,0,no,no,0,0.0,317,Not Churned
False,177.1,112,194.0,1,no,no,0,0.002967359050445104,336,Not Churned
True,172.7,93,120.1,5,no,yes,37,0.016611295681063124,300,Churned
False,172.7,86,133.4,1,no,yes,18,0.003663003663003663,272,Not Churned
False,204.2,115,179.9,1,no,no,0,0.002617801047120419,381,Not Churned
False,85.7,83,247.7,2,no,no,0,0.008298755186721992,240,Not Churned
False,157.6,117,184.3,0,no,no,0,0.0,275,Not Churned
False,215.5,129,218.7,4,no,no,0,0.011527377521613832,346,Not Churned
False,181.5,98,199.9,1,no,no,0,0.0032679738562091504,305,Not Churned
False,171.7,80,110.4,2,no,no,0,0.007220216606498195,276,Not Churned
True,266.6,106,264.8,1,no,no,0,0.0025252525252525255,395,Churned
True,170.4,108,350.5,0,no,no,0,0.0,266,Churned
False,158.0,106,292.5,1,no,no,0,0.0031847133757961785,313,Not Churned
False,92.0,117,253.6,1,no,no,0,0.003389830508474576,294,Not Churned
False,234.0,109,249.5,2,no,no,0,0.006688963210702341,298,Not Churned
True,272.1,111,268.5,1,no,no,0,0.002898550724637681,344,Churned
True,296.4,99,214.8,4,no,no,0,0.013377926421404682,298,Churned
False,194.4,101,190.3,0,no,no,0,0.0,292,Not Churned
False,227.2,128,258.4,3,no,no,0,0.010033444816053512,298,Not Churned
True,248.7,109,220.0,1,no,no,0,0.003246753246753247,307,Churned
False,236.3,102,195.9,1,no,yes,38,0.0033003300330033004,302,Not Churned
False,205.6,69,169.5,0,no,no,0,0.0,229,Not Churned
False,94.1,136,280.3,0,no,no,0,0.0,339,Not Churned
False,125.2,99,205.4,0,no,no,0,0.0,319,Not Churned
False,60.4,158,306.2,1,no,no,0,0.003048780487804878,327,Not Churned
False,121.0,105,270.4,2,no,yes,28,0.006993006993006993,285,Not Churned
False,117.8,66,256.8,3,no,yes,29,0.011538461538461539,259,Not Churned
False,232.4,96,211.9,3,no,yes,21,0.009316770186335404,321,Not Churned
True,223.5,81,188.8,2,yes,yes,32,0.007722007722007722,258,Churned
False,176.3,79,259.2,0,no,no,0,0.0,257,Not Churned
False,125.2,79,177.8,1,no,yes,32,0.0036101083032490976,276,Not Churned
False,138.7,107,256.9,0,no,no,0,0.0,297,Not Churned
False,86.3,134,246.6,1,no,no,0,0.003105590062111801,321,Not Churned
False,207.0,91,154.9,3,no,no,0,0.00909090909090909,329,Not Churned
False,58.8,104,219.5,0,no,yes,30,0.0,332,Not Churned
False,68.7,95,209.2,1,no,yes,35,0.004739336492890996,210,Not Churned
False,239.2,109,235.5,1,no,yes,33,0.003115264797507788,320,Not Churned
False,198.3,130,217.1,0,no,no,0,0.0,315,Not Churned
False,205.2,97,240.6,0,no,no,0,0.0,294,Not Churned
False,192.1,98,312.9,3,no,no,0,0.00909090909090909,329,Not Churned
True,272.6,83,248.7,1,no,no,0,0.0036900369003690036,270,Churned
True,128.3,121,197.1,7,no,no,0,0.01881720430107527,371,Churned
False,169.6,99,264.1,0,no,no,0,0.0,268,Not Churned
False,201.3,95,152.8,1,no,no,0,0.003745318352059925,266,Not Churned
False,214.7,97,138.5,1,no,yes,17,0.00423728813559322,235,Not Churned
False,169.2,70,271.5,0,no,no,0,0.0,253,Not Churned
False,194.1,121,176.6,2,no,no,0,0.005333333333333333,374,Not Churned
False,233.8,104,266.5,2,no,no,0,0.006535947712418301,305,Not Churned
False,225.1,67,199.2,0,no,no,0,0.0,298,Not Churned
True,213.0,63,176.6,1,no,no,0,0.003816793893129771,261,Churned
False,183.9,115,255.9,1,no,no,0,0.002680965147453083,372,Not Churned
False,221.8,105,161.7,0,no,yes,34,0.0,259,Not Churned
False,64.6,98,176.1,2,no,yes,21,0.007434944237918215,268,Not Churned
False,154.6,92,83.4,1,no,yes,37,0.003355704697986577,297,Not Churned
False,260.2,131,179.2,3,no,no,0,0.0079155672823219,378,Not Churned
False,161.6,117,123.0,1,no,yes,33,0.0031847133757961785,313,Not Churned
False,220.6,117,155.2,1,no,no,0,0.0029498525073746312,338,Not Churned
False,155.9,122,162.3,3,no,yes,41,0.008823529411764706,339,Not Churned
True,107.0,63,105.7,4,no,no,0,0.019230769230769232,207,Churned
False,182.5,104,204.7,4,no,no,0,0.012987012987012988,307,Not Churned
False,220.1,78,234.3,4,yes,yes,38,0.016736401673640166,238,Not Churned
False,152.2,112,177.2,1,no,no,0,0.0029850746268656717,334,Not Churned
False,181.5,95,205.1,2,no,no,0,0.007272727272727273,274,Not Churned
True,236.2,77,218.6,2,yes,no,0,0.007633587786259542,261,Churned
False,166.1,105,79.3,1,no,no,0,0.0033444816053511705,298,Not Churned
False,244.6,89,188.8,1,yes,no,0,0.003472222222222222,287,Not Churned
False,134.2,85,227.3,2,no,yes,23,0.006329113924050633,315,Not Churned
False,149.7,122,211.1,1,yes,yes,39,0.003424657534246575,291,Not Churned
False,150.1,109,264.7,1,no,yes,29,0.0031847133757961785,313,Not Churned
True,257.1,53,312.2,1,yes,no,0,0.0037174721189591076,268,Churned
False,124.4,83,179.7,0,no,no,0,0.0,269,Not Churned
False,141.7,121,232.3,1,no,yes,36,0.0026954177897574125,370,Not Churned
False,230.0,87,103.2,2,no,no,0,0.005479452054794521,364,Not Churned
False,162.3,88,213.7,0,no,no,0,0.0,289,Not Churned
True,350.8,75,216.5,1,no,no,0,0.0035842293906810036,278,Churned
False,193.3,96,264.1,4,no,no,0,0.011834319526627219,337,Not Churned
False,78.2,127,253.4,1,no,no,0,0.0029498525073746312,338,Not Churned
False,83.4,110,232.2,1,no,no,0,0.0027247956403269754,366,Not Churned
False,195.6,99,267.8,0,no,no,0,0.0,297,Not Churned
False,201.8,81,225.0,1,no,no,0,0.0035211267605633804,283,Not Churned
False,197.0,110,222.8,2,no,no,0,0.0064516129032258064,309,Not Churned
True,218.0,57,114.4,0,yes,no,0,0.0,241,Churned
False,164.8,98,229.9,2,no,no,0,0.006557377049180328,304,Not Churned
False,179.2,77,210.7,2,no,no,0,0.008298755186721992,240,Not Churned
False,214.0,113,180.0,0,no,yes,21,0.0,314,Not Churned
False,170.5,87,118.2,2,no,no,0,0.006211180124223602,321,Not Churned
False,205.7,123,214.5,1,no,no,0,0.0028089887640449437,355,Not Churned
True,165.5,84,286.2,1,yes,no,0,0.003472222222222222,287,Churned
False,221.0,100,160.7,2,no,no,0,0.006369426751592357,313,Not Churned
False,242.1,118,191.0,3,no,no,0,0.011363636363636364,263,Not Churned
False,151.6,107,155.4,1,no,no,0,0.003125,319,Not Churned
False,176.2,87,145.0,0,yes,no,0,0.0,264,Not Churned
False,196.0,82,322.7,1,yes,yes,22,0.0034482758620689655,289,Not Churned
False,159.5,125,247.1,2,no,no,0,0.006622516556291391,301,Not Churned
False,230.2,113,220.4,4,no,no,0,0.012861736334405145,310,Not Churned
False,146.7,64,274.0,3,no,no,0,0.011406844106463879,262,Not Churned
False,210.5,102,204.5,1,no,no,0,0.004098360655737705,243,Not Churned
False,102.0,95,270.2,1,no,no,0,0.0029154518950437317,342,Not Churned
False,126.0,99,238.5,3,no,no,0,0.010752688172043012,278,Not Churned
False,168.4,125,243.8,1,no,no,0,0.003134796238244514,318,Not Churned
False,105.6,129,258.2,0,no,no,0,0.0,338,Not Churned
False,206.5,92,176.2,5,no,no,0,0.0136986301369863,364,Not Churned
False,217.1,76,205.2,2,no,no,0,0.007380073800738007,270,Not Churned
True,229.6,78,205.7,0,no,no,0,0.0,279,Churned
False,278.3,89,93.4,0,no,yes,22,0.0,279,Not Churned
False,138.6,102,199.0,0,no,no,0,0.0,336,Not Churned
True,234.4,103,279.3,1,no,no,0,0.002976190476190476,335,Churned
False,181.5,129,130.7,1,no,no,0,0.0027472527472527475,363,Not Churned
True,167.3,91,230.0,1,no,no,0,0.0035335689045936395,282,Churned
False,121.0,105,218.9,1,no,yes,31,0.0031746031746031746,314,Not Churned
False,221.1,124,110.8,0,no,no,0,0.0,333,Not Churned
False,145.8,108,192.2,1,no,yes,26,0.0033783783783783786,295,Not Churned
False,222.8,122,163.2,1,no,no,0,0.0028735632183908046,347,Not Churned
False,183.4,80,242.0,4,no,no,0,0.013377926421404682,298,Not Churned
False,264.3,91,160.9,0,yes,no,0,0.0,284,Not Churned
False,146.0,78,109.7,0,no,no,0,0.0,272,Not Churned
True,157.1,134,184.9,4,no,no,0,0.012461059190031152,320,Churned
False,127.3,108,251.3,1,yes,no,0,0.0035587188612099642,280,Not Churned
False,187.9,110,197.0,2,no,no,0,0.0058823529411764705,339,Not Churned
False,178.8,90,141.2,2,no,no,0,0.00749063670411985,266,Not Churned
False,97.2,80,186.2,2,no,no,0,0.007434944237918215,268,Not Churned
False,259.8,85,242.3,0,no,no,0,0.0,275,Not Churned
False,256.5,112,199.5,3,no,no,0,0.00909090909090909,329,Not Churned
False,169.5,77,124.0,0,no,no,0,0.0,259,Not Churned
True,239.7,47,282.9,2,no,no,0,0.008032128514056224,248,Churned
True,171.5,99,160.0,1,yes,no,0,0.003257328990228013,306,Churned
False,239.9,84,174.8,0,no,no,0,0.0,285,Not Churned
False,142.3,73,194.8,1,no,yes,34,0.004166666666666667,239,Not Churned
False,184.1,98,327.0,2,no,no,0,0.007042253521126761,283,Not Churned
False,206.9,126,264.4,2,no,yes,28,0.005154639175257732,387,Not Churned
False,259.9,114,176.2,1,no,no,0,0.003105590062111801,321,Not Churned
False,203.8,122,283.1,0,no,no,0,0.0,284,Not Churned
False,248.8,124,140.3,3,no,yes,45,0.00980392156862745,305,Not Churned
False,221.6,110,130.2,1,no,yes,16,0.002898550724637681,344,Not Churned
False,192.9,131,185.5,1,yes,no,0,0.0027247956403269754,366,Not Churned
False,122.4,129,113.4,1,no,no,0,0.0029239766081871343,341,Not Churned
False,104.9,65,216.3,1,no,yes,40,0.0033783783783783786,295,Not Churned
False,173.2,91,196.8,3,no,no,0,0.00906344410876133,330,Not Churned
False,119.4,69,273.3,2,no,no,0,0.006211180124223602,321,Not Churned
True,250.3,100,260.6,2,no,no,0,0.006734006734006734,296,Churned
False,178.3,98,282.6,1,no,no,0,0.003215434083601286,310,Not Churned
False,243.4,77,182.1,1,no,no,0,0.0036900369003690036,270,Not Churned
False,155.0,106,175.3,2,no,no,0,0.005917159763313609,337,Not Churned
False,288.7,101,203.8,0,no,yes,31,0.0,255,Not Churned
False,240.4,80,118.9,1,no,yes,29,0.0035335689045936395,282,Not Churned
False,190.3,123,301.3,1,no,no,0,0.0028011204481792717,356,Not Churned
True,278.0,76,176.7,0,no,no,0,0.0,280,Churned
False,155.0,93,330.6,1,no,no,0,0.003067484662576687,325,Not Churned
False,153.5,99,197.6,2,no,no,0,0.006896551724137931,289,Not Churned
False,273.4,141,154.0,1,no,yes,27,0.002785515320334262,358,Not Churned
False,155.3,93,265.7,0,no,no,0,0.0,259,Not Churned
False,133.1,114,221.2,1,no,yes,29,0.0033003300330033004,302,Not Churned
False,246.8,129,187.8,1,no,no,0,0.0027397260273972603,364,Not Churned
False,165.4,107,196.0,2,yes,no,0,0.005698005698005698,350,Not Churned
False,59.5,103,257.2,0,no,no,0,0.0,301,Not Churned
False,138.3,116,236.0,3,no,no,0,0.008130081300813009,368,Not Churned
False,286.7,100,134.4,2,no,no,0,0.0057306590257879654,348,Not Churned
False,117.3,114,201.1,1,no,no,0,0.0038314176245210726,260,Not Churned
False,264.3,79,202.8,4,no,yes,21,0.013651877133105802,292,Not Churned
False,127.9,107,271.2,0,no,no,0,0.0,312,Not Churned
False,225.5,107,246.3,0,no,yes,23,0.0,295,Not Churned
False,149.0,115,245.3,0,no,no,0,0.0,317,Not Churned
False,198.9,77,274.0,1,no,yes,20,0.00398406374501992,250,Not Churned
True,256.4,125,273.9,1,no,no,0,0.003048780487804878,327,Churned
True,264.8,124,245.4,1,no,no,0,0.002824858757062147,353,Churned
False,98.2,88,180.5,2,no,no,0,0.008733624454148471,228,Not Churned
False,159.8,99,264.0,2,no,no,0,0.008298755186721992,240,Not Churned
False,190.6,86,220.1,3,no,yes,28,0.010273972602739725,291,Not Churned
False,184.0,120,120.4,0,no,no,0,0.0,328,Not Churned
False,261.8,128,220.6,1,no,no,0,0.00303951367781155,328,Not Churned
False,147.9,109,228.4,3,no,no,0,0.009202453987730062,325,Not Churned
False,106.4,109,108.1,1,no,yes,18,0.0029498525073746312,338,Not Churned
False,133.7,75,195.3,0,no,no,0,0.0,253,Not Churned
False,193.5,85,220.2,0,no,yes,23,0.0,291,Not Churned
True,178.2,113,167.8,3,yes,no,0,0.009316770186335404,321,Churned
True,226.2,103,181.6,3,no,yes,36,0.008928571428571428,335,Churned
False,170.4,103,200.2,1,no,no,0,0.0035842293906810036,278,Not Churned
False,70.9,163,166.7,3,no,yes,32,0.007594936708860759,394,Not Churned
False,194.4,63,254.9,2,no,yes,34,0.006711409395973154,297,Not Churned
False,240.3,146,164.6,1,no,no,0,0.0029585798816568047,337,Not Churned
False,75.0,116,248.7,3,no,no,0,0.010238907849829351,292,Not Churned
False,69.1,117,136.3,1,no,no,0,0.0036496350364963502,273,Not Churned
True,96.6,59,315.4,4,no,yes,33,0.014336917562724014,278,Churned
False,214.6,101,235.1,0,no,yes,20,0.0,377,Not Churned
False,148.5,111,146.5,3,no,no,0,0.012345679012345678,242,Not Churned
False,258.1,106,161.4,1,no,no,0,0.003048780487804878,327,Not Churned
False,149.7,112,162.5,3,no,yes,23,0.008620689655172414,347,Not Churned
False,149.8,134,164.4,1,no,no,0,0.002785515320334262,358,Not Churned
False,190.4,102,158.1,2,no,no,0,0.006535947712418301,305,Not Churned
False,181.4,108,253.8,1,no,no,0,0.0038022813688212928,262,Not Churned
False,151.1,123,187.4,1,no,no,0,0.0030864197530864196,323,Not Churned
False,155.7,116,173.7,0,no,no,0,0.0,280,Not Churned
False,149.9,95,256.1,2,no,no,0,0.006430868167202572,310,Not Churned
False,222.3,132,231.5,3,no,no,0,0.00964630225080386,310,Not Churned
False,149.4,111,131.8,0,no,yes,16,0.0,313,Not Churned
False,233.8,103,221.6,0,yes,no,0,0.0,343,Not Churned
False,204.2,100,292.6,0,no,no,0,0.0,346,Not Churned
False,242.9,126,209.8,1,no,no,0,0.0031446540880503146,317,Not Churned
False,150.4,119,230.5,1,no,no,0,0.0033444816053511705,298,Not Churned
False,208.9,119,252.4,0,no,no,0,0.0,378,Not Churned
True,191.9,91,256.1,1,yes,no,0,0.003236245954692557,308,Churned
True,130.7,113,260.6,2,yes,no,0,0.005952380952380952,335,Churned
False,119.6,104,278.7,2,no,yes,33,0.005405405405405406,369,Not Churned
False,273.6,93,114.6,1,no,no,0,0.0029940119760479044,333,Not Churned
False,156.1,114,180.3,2,yes,no,0,0.006622516556291391,301,Not Churned
False,178.7,134,178.6,2,no,yes,36,0.006191950464396285,322,Not Churned
False,177.5,93,287.4,2,no,no,0,0.006896551724137931,289,Not Churned
True,211.3,61,105.6,4,yes,no,0,0.016129032258064516,247,Churned
False,175.2,91,244.4,1,no,no,0,0.003355704697986577,297,Not Churned
False,114.3,102,190.3,3,no,yes,23,0.009259259259259259,323,Not Churned
False,251.4,104,225.1,1,no,yes,28,0.003125,319,Not Churned
True,216.9,61,207.4,1,yes,no,0,0.003367003367003367,296,Churned
False,217.2,138,145.5,0,yes,yes,26,0.0,328,Not Churned
False,206.3,97,154.9,0,no,no,0,0.0,289,Not Churned
False,159.3,66,125.9,1,no,no,0,0.004484304932735426,222,Not Churned
False,143.1,88,236.6,2,no,yes,31,0.007168458781362007,278,Not Churned
True,154.0,122,329.8,3,no,no,0,0.00909090909090909,329,Churned
False,186.6,69,222.0,1,no,yes,24,0.00303951367781155,328,Not Churned
True,170.8,114,199.5,5,no,yes,26,0.014577259475218658,342,Churned
False,124.0,102,202.9,1,no,yes,17,0.0031645569620253164,315,Not Churned
False,198.3,94,279.3,3,no,no,0,0.010309278350515464,290,Not Churned
False,172.8,101,204.8,2,no,no,0,0.006734006734006734,296,Not Churned
False,217.4,74,213.8,0,no,yes,30,0.0,267,Not Churned
True,265.9,113,215.8,0,yes,yes,29,0.0,301,Churned
False,93.6,137,193.8,1,no,yes,14,0.0033444816053511705,298,Not Churned
False,98.2,100,307.2,2,no,no,0,0.0064516129032258064,309,Not Churned
False,214.7,68,158.6,2,no,no,0,0.006153846153846154,324,Not Churned
False,168.2,92,224.7,1,no,no,0,0.003389830508474576,294,Not Churned
False,202.9,97,153.8,3,no,no,0,0.010101010101010102,296,Not Churned
False,261.4,108,154.5,1,no,no,0,0.0033003300330033004,302,Not Churned
True,73.3,86,161.4,4,no,no,0,0.016129032258064516,247,Churned
False,253.7,84,229.2,7,no,yes,27,0.021739130434782608,321,Not Churned
False,45.0,108,151.3,2,no,no,0,0.007067137809187279,282,Not Churned
False,231.3,105,171.7,1,no,no,0,0.0028089887640449437,355,Not Churned
False,47.4,125,167.8,2,no,no,0,0.006042296072507553,330,Not Churned
False,227.4,88,182.5,0,no,no,0,0.0,325,Not Churned
False,40.9,126,133.4,0,no,yes,22,0.0,314,Not Churned
False,124.8,133,157.3,2,no,no,0,0.0056657223796034,352,Not Churned
False,68.5,110,337.1,0,yes,no,0,0.0,333,Not Churned
False,163.5,77,203.1,2,no,yes,37,0.007380073800738007,270,Not Churned
False,163.0,112,219.1,2,no,no,0,0.007380073800738007,270,Not Churned
False,213.7,61,253.0,2,no,yes,38,0.00819672131147541,243,Not Churned
False,201.3,117,42.2,1,no,yes,36,0.0033003300330033004,302,Not Churned
False,310.4,97,66.5,4,no,no,0,0.012121212121212121,329,Not Churned
False,48.4,101,281.1,1,no,no,0,0.003048780487804878,327,Not Churned
False,171.2,88,145.7,1,no,yes,40,0.003367003367003367,296,Not Churned
False,166.5,93,183.0,0,no,yes,22,0.0,290,Not Churned
False,216.6,126,190.8,0,no,no,0,0.0,361,Not Churned
False,107.8,113,216.6,2,no,no,0,0.005988023952095809,333,Not Churned
False,141.3,94,168.0,1,no,yes,28,0.0034602076124567475,288,Not Churned
False,209.9,77,158.0,0,no,yes,29,0.0,243,Not Churned
True,237.5,120,253.4,9,yes,yes,20,0.030201342281879196,297,Churned
False,234.5,109,216.5,3,no,no,0,0.008849557522123894,338,Not Churned
False,103.1,90,243.0,3,no,yes,31,0.009202453987730062,325,Not Churned
False,129.5,106,248.9,1,no,yes,27,0.0031746031746031746,314,Not Churned
True,279.8,90,248.7,2,yes,no,0,0.0064516129032258064,309,Churned
True,136.8,91,200.8,5,yes,yes,41,0.021834061135371178,228,Churned
False,100.1,54,246.3,0,no,yes,31,0.0,285,Not Churned
False,237.1,63,205.6,4,no,yes,31,0.014760147601476014,270,Not Churned
True,172.8,58,183.1,4,no,no,0,0.014598540145985401,273,Churned
False,224.5,111,200.7,2,no,no,0,0.006042296072507553,330,Not Churned
True,288.1,112,258.0,3,no,no,0,0.010033444816053512,298,Churned
False,78.2,103,195.9,2,yes,no,0,0.005571030640668524,358,Not Churned
False,148.7,80,259.0,2,no,no,0,0.006944444444444444,287,Not Churned
False,194.6,84,119.9,2,no,yes,25,0.007547169811320755,264,Not Churned
False,159.5,77,303.8,0,no,no,0,0.0,293,Not Churned
False,194.5,110,213.7,1,no,yes,20,0.003401360544217687,293,Not Churned
True,174.1,96,251.1,2,no,no,0,0.006269592476489028,318,Churned
False,131.8,97,136.7,2,no,no,0,0.006191950464396285,322,Not Churned
False,160.6,103,237.0,1,no,no,0,0.0033112582781456954,301,Not Churned
False,146.8,107,310.0,0,no,yes,18,0.0,328,Not Churned
False,200.7,88,264.2,1,no,yes,28,0.003205128205128205,311,Not Churned
False,145.6,106,98.3,1,no,no,0,0.0033222591362126247,300,Not Churned
False,229.4,104,257.4,2,no,yes,29,0.006472491909385114,308,Not Churned
False,211.0,76,189.0,3,no,no,0,0.01060070671378092,282,Not Churned
False,121.5,97,271.4,2,no,yes,37,0.0064516129032258064,309,Not Churned
False,216.0,73,188.2,2,yes,no,0,0.006756756756756757,295,Not Churned
False,293.0,88,160.6,2,no,no,0,0.007067137809187279,282,Not Churned
True,221.1,137,264.9,2,yes,yes,32,0.0057306590257879654,348,Churned
False,181.5,108,196.9,1,no,no,0,0.0031545741324921135,316,Not Churned
False,74.3,107,177.3,2,no,yes,26,0.006309148264984227,316,Not Churned
False,62.3,92,275.0,1,yes,no,0,0.0034965034965034965,285,Not Churned
False,228.6,88,248.5,3,no,yes,31,0.009287925696594427,322,Not Churned
True,228.1,121,276.5,2,no,no,0,0.007067137809187279,282,Churned
False,309.9,90,200.3,1,no,yes,36,0.003484320557491289,286,Not Churned
False,201.9,74,226.8,3,no,no,0,0.010714285714285714,279,Not Churned
False,149.8,112,180.0,2,no,no,0,0.0060790273556231,328,Not Churned
False,183.8,76,229.7,1,no,yes,30,0.0033444816053511705,298,Not Churned
False,186.7,108,335.0,1,no,yes,21,0.0031446540880503146,317,Not Churned
True,209.4,151,347.3,1,no,no,0,0.0026109660574412533,382,Churned
False,223.2,77,183.2,3,no,yes,25,0.010380622837370242,288,Not Churned
False,164.2,109,155.4,1,no,no,0,0.003076923076923077,324,Not Churned
False,150.5,75,193.1,1,no,no,0,0.003787878787878788,263,Not Churned
True,234.2,128,293.1,0,no,no,0,0.0,305,Churned
False,55.3,102,164.7,1,no,no,0,0.0029411764705882353,339,Not Churned
False,221.8,97,203.8,1,yes,no,0,0.002564102564102564,389,Not Churned
False,169.6,85,58.9,1,no,no,0,0.003289473684210526,303,Not Churned
True,89.7,118,260.1,5,no,no,0,0.016556291390728478,301,Churned
False,80.2,81,219.0,1,no,yes,14,0.0034602076124567475,288,Not Churned
False,218.9,105,299.9,2,no,no,0,0.006514657980456026,306,Not Churned
False,125.7,96,207.6,1,no,no,0,0.0029498525073746312,338,Not Churned
False,176.3,85,93.4,2,no,no,0,0.006269592476489028,318,Not Churned
False,207.2,111,254.1,2,no,yes,29,0.005780346820809248,345,Not Churned
False,205.7,138,161.9,2,no,no,0,0.006024096385542169,331,Not Churned
False,151.4,95,152.4,1,no,yes,28,0.0033112582781456954,301,Not Churned
False,157.5,70,130.7,3,no,no,0,0.011904761904761904,251,Not Churned
False,160.4,68,102.6,2,no,no,0,0.007067137809187279,282,Not Churned
False,159.0,80,167.9,1,no,no,0,0.0031746031746031746,314,Not Churned
False,214.1,62,200.9,0,no,yes,46,0.0,305,Not Churned
False,102.6,89,246.0,2,no,no,0,0.006430868167202572,310,Not Churned
True,159.7,86,197.5,0,yes,no,0,0.0,273,Churned
False,202.8,109,165.8,1,no,no,0,0.0034602076124567475,288,Not Churned
False,57.5,95,265.5,3,no,no,0,0.008310249307479225,360,Not Churned
False,169.9,144,225.2,1,no,no,0,0.0027548209366391185,362,Not Churned
True,335.5,77,212.5,2,no,no,0,0.0061162079510703364,326,Churned
False,139.5,119,289.3,0,no,no,0,0.0,329,Not Churned
False,142.3,107,118.7,1,no,yes,29,0.0038022813688212928,262,Not Churned
False,187.8,94,248.6,0,no,no,0,0.0,309,Not Churned
False,146.2,55,261.5,3,no,no,0,0.011627906976744186,257,Not Churned
False,231.8,120,150.6,3,no,no,0,0.008264462809917356,362,Not Churned
False,193.7,83,154.2,1,no,no,0,0.004424778761061947,225,Not Churned
False,156.4,108,233.4,4,no,no,0,0.0106951871657754,373,Not Churned
True,220.7,82,217.7,1,yes,yes,29,0.0033444816053511705,298,Churned
False,239.8,110,221.9,2,no,yes,37,0.0061162079510703364,326,Not Churned
False,172.0,111,200.2,1,no,yes,43,0.0036101083032490976,276,Not Churned
False,128.2,138,274.5,2,yes,yes,35,0.005141388174807198,388,Not Churned
False,130.2,119,290.9,3,no,no,0,0.007751937984496124,386,Not Churned
False,195.4,107,154.6,1,no,no,0,0.003257328990228013,306,Not Churned
True,293.3,79,188.5,0,yes,no,0,0.0,264,Churned
False,191.3,89,193.9,1,no,no,0,0.0033112582781456954,301,Not Churned
False,122.4,88,143.8,1,no,no,0,0.003236245954692557,308,Not Churned
False,209.6,68,146.9,2,no,yes,33,0.0058309037900874635,342,Not Churned
False,215.7,140,146.3,3,no,no,0,0.009708737864077669,308,Not Churned
False,161.4,110,220.6,0,no,no,0,0.0,315,Not Churned
False,144.2,91,226.7,3,no,no,0,0.009836065573770493,304,Not Churned
True,220.2,109,185.3,0,yes,yes,37,0.0,292,Churned
False,256.2,105,160.7,4,no,no,0,0.013793103448275862,289,Not Churned
False,112.7,119,217.7,1,no,no,0,0.0032258064516129032,309,Not Churned
True,299.5,125,226.7,0,no,no,0,0.0,355,Churned
False,194.8,107,170.9,0,no,no,0,0.0,303,Not Churned
False,100.8,112,230.0,0,no,no,0,0.0,278,Not Churned
False,82.5,97,289.9,3,no,yes,22,0.00967741935483871,309,Not Churned
False,146.4,104,89.7,2,no,yes,34,0.006600660066006601,302,Not Churned
False,177.9,129,224.6,2,no,no,0,0.006153846153846154,324,Not Churned
False,153.5,84,194.0,5,no,yes,27,0.019305019305019305,258,Not Churned
False,150.7,105,197.3,1,no,no,0,0.002702702702702703,369,Not Churned
False,180.1,106,127.5,0,no,yes,19,0.0,319,Not Churned
False,265.3,94,147.6,1,no,yes,31,0.003246753246753247,307,Not Churned
False,128.6,83,134.0,0,no,no,0,0.0,312,Not Churned
False,161.5,92,173.5,2,no,no,0,0.006666666666666667,299,Not Churned
False,165.3,120,198.5,1,no,no,0,0.0030120481927710845,331,Not Churned
False,195.0,92,210.5,0,no,no,0,0.0,280,Not Churned
False,213.8,79,265.1,0,no,no,0,0.0,307,Not Churned
False,205.5,114,219.3,1,no,yes,24,0.003194888178913738,312,Not Churned
False,252.9,112,177.9,3,no,yes,22,0.008287292817679558,361,Not Churned
False,235.6,74,227.9,0,no,yes,28,0.0,223,Not Churned
False,192.0,91,127.6,1,no,no,0,0.0028653295128939827,348,Not Churned
False,69.1,122,101.3,0,no,yes,39,0.0,356,Not Churned
True,261.7,97,210.6,3,no,no,0,0.01293103448275862,231,Churned
False,235.5,81,257.2,2,no,no,0,0.0061162079510703364,326,Not Churned
False,213.4,100,204.9,1,no,no,0,0.003968253968253968,251,Not Churned
False,206.9,143,127.8,3,no,yes,39,0.008902077151335312,336,Not Churned
False,263.8,65,103.4,3,no,yes,22,0.010238907849829351,292,Not Churned
False,183.4,126,195.5,1,no,yes,31,0.0030211480362537764,330,Not Churned
True,157.6,85,194.1,5,no,no,0,0.01824817518248175,273,Churned
False,175.6,147,161.8,0,no,no,0,0.0,324,Not Churned
False,242.5,101,102.8,2,no,no,0,0.006514657980456026,306,Not Churned
False,151.0,102,131.4,0,no,no,0,0.0,296,Not Churned
False,138.1,103,164.5,1,no,no,0,0.0037174721189591076,268,Not Churned
True,264.7,69,305.0,1,no,no,0,0.0035087719298245615,284,Churned
False,282.3,70,152.0,1,no,yes,31,0.0038910505836575876,256,Not Churned
False,211.2,80,237.7,0,no,no,0,0.0,233,Not Churned
False,197.1,126,130.1,3,no,no,0,0.009771986970684038,306,Not Churned
False,205.3,95,166.7,1,no,no,0,0.003205128205128205,311,Not Churned
False,181.8,110,228.1,2,no,yes,22,0.005277044854881266,378,Not Churned
False,252.0,120,150.2,2,no,no,0,0.006172839506172839,323,Not Churned
False,193.8,102,118.9,0,no,no,0,0.0,333,Not Churned
False,231.2,135,188.7,1,no,no,0,0.0029850746268656717,334,Not Churned
False,200.1,108,188.9,0,no,yes,33,0.0,324,Not Churned
False,266.7,109,232.3,1,no,yes,26,0.003134796238244514,318,Not Churned
False,118.1,117,221.5,2,no,yes,36,0.005917159763313609,337,Not Churned
False,175.3,106,144.3,0,no,no,0,0.0,286,Not Churned
False,125.1,99,248.8,3,no,no,0,0.012295081967213115,243,Not Churned
False,176.8,90,224.7,1,no,no,0,0.003787878787878788,263,Not Churned
False,241.9,101,129.4,1,no,no,0,0.0030303030303030303,329,Not Churned
False,241.2,134,116.5,0,no,no,0,0.0,343,Not Churned
False,217.1,99,236.0,1,no,no,0,0.003424657534246575,291,Not Churned
False,195.4,110,181.2,0,no,no,0,0.0,328,Not Churned
True,222.4,78,327.0,1,yes,no,0,0.0033003300330033004,302,Churned
False,189.5,90,189.8,1,no,no,0,0.003401360544217687,293,Not Churned
False,123.1,100,158.4,0,no,no,0,0.0,269,Not Churned
False,256.7,98,150.5,3,no,yes,38,0.009708737864077669,308,Not Churned
False,159.1,94,241.6,1,no,no,0,0.0029850746268656717,334,Not Churned
False,100.1,90,233.3,3,no,no,0,0.012048192771084338,248,Not Churned
False,30.9,113,187.0,1,no,yes,32,0.0029850746268656717,334,Not Churned
False,223.2,76,214.4,3,no,no,0,0.010344827586206896,289,Not Churned
False,187.4,101,199.9,1,no,no,0,0.0029154518950437317,342,Not Churned
False,315.6,105,208.9,3,no,yes,21,0.009900990099009901,302,Not Churned
False,277.5,104,131.8,1,no,no,0,0.00303951367781155,328,Not Churned
False,189.8,111,197.3,2,no,no,0,0.0061162079510703364,326,Not Churned
False,147.2,119,192.8,1,no,no,0,0.003125,319,Not Churned
False,185.8,36,276.5,4,no,no,0,0.014184397163120567,281,Not Churned
False,155.4,110,188.5,3,no,yes,29,0.008902077151335312,336,Not Churned
False,154.2,91,268.6,6,no,no,0,0.019801980198019802,302,Not Churned
False,97.6,98,105.5,1,no,no,0,0.0030211480362537764,330,Not Churned
False,178.8,94,178.4,1,no,no,0,0.003676470588235294,271,Not Churned
False,149.3,104,273.6,0,no,no,0,0.0,255,Not Churned
False,206.0,89,186.0,0,no,no,0,0.0,274,Not Churned
False,216.8,86,190.8,0,no,no,0,0.0,288,Not Churned
False,103.3,110,129.1,0,no,no,0,0.0,308,Not Churned
False,139.4,95,159.1,0,no,no,0,0.0,319,Not Churned
False,191.2,110,163.9,1,no,no,0,0.0030303030303030303,329,Not Churned
False,160.0,104,189.4,1,no,yes,23,0.003401360544217687,293,Not Churned
False,221.7,95,193.0,3,no,no,0,0.010169491525423728,294,Not Churned
False,62.9,81,231.0,1,no,no,0,0.003676470588235294,271,Not Churned
False,215.6,78,195.3,1,no,no,0,0.0037313432835820895,267,Not Churned
False,165.3,97,223.5,3,no,yes,42,0.010169491525423728,294,Not Churned
False,94.7,111,154.4,2,yes,yes,32,0.006153846153846154,324,Not Churned
False,203.2,81,152.5,2,no,no,0,0.007692307692307693,259,Not Churned
False,195.3,70,216.7,3,no,no,0,0.009933774834437087,301,Not Churned
False,143.7,114,297.8,4,no,no,0,0.013029315960912053,306,Not Churned
False,114.4,104,78.3,2,no,no,0,0.007042253521126761,283,Not Churned
False,222.8,101,203.0,2,no,no,0,0.005917159763313609,337,Not Churned
False,175.9,70,211.7,2,no,yes,22,0.007633587786259542,261,Not Churned
True,249.9,95,242.5,1,yes,no,0,0.0030581039755351682,326,Churned
False,234.5,130,195.2,2,yes,yes,30,0.005797101449275362,344,Not Churned
False,210.7,116,219.2,1,no,no,0,0.003424657534246575,291,Not Churned
False,182.3,124,169.9,1,no,no,0,0.002824858757062147,353,Not Churned
False,190.3,88,194.5,2,no,no,0,0.00684931506849315,291,Not Churned
False,177.1,88,163.7,0,no,yes,38,0.0,270,Not Churned
True,87.2,92,169.3,6,no,yes,36,0.020833333333333332,287,Churned
False,215.6,96,193.4,1,no,no,0,0.0029239766081871343,341,Not Churned
False,137.4,109,237.6,3,no,no,0,0.00980392156862745,305,Not Churned
False,192.8,103,177.0,1,no,yes,36,0.0032258064516129032,309,Not Churned
False,149.3,100,200.2,2,no,no,0,0.006349206349206349,314,Not Churned
False,143.7,116,170.7,1,no,no,0,0.0031645569620253164,315,Not Churned
False,224.8,111,190.0,1,no,no,0,0.003076923076923077,324,Not Churned
False,261.2,122,214.2,2,no,yes,39,0.006060606060606061,329,Not Churned
False,196.5,98,175.8,0,no,yes,26,0.0,338,Not Churned
True,271.2,105,202.6,3,no,no,0,0.011320754716981131,264,Churned
False,207.2,121,292.5,2,no,no,0,0.006060606060606061,329,Not Churned
False,300.4,94,133.2,2,no,no,0,0.006734006734006734,296,Not Churned
False,229.6,123,132.3,2,no,yes,37,0.006711409395973154,297,Not Churned
False,187.5,110,169.8,1,yes,yes,20,0.002976190476190476,335,Not Churned
False,57.1,98,199.7,3,yes,no,0,0.01048951048951049,285,Not Churned
True,162.1,86,155.0,5,no,no,0,0.01858736059479554,268,Churned
True,145.0,89,175.8,2,yes,no,0,0.005780346820809248,345,Churned
False,159.5,123,240.8,1,no,no,0,0.0033783783783783786,295,Not Churned
False,190.7,72,208.6,1,no,no,0,0.003389830508474576,294,Not Churned
False,230.6,40,189.1,1,no,yes,20,0.004629629629629629,215,Not Churned
False,34.0,133,278.6,0,no,no,0,0.0,317,Not Churned
False,193.4,112,240.6,5,no,yes,17,0.014492753623188406,344,Not Churned
False,202.0,126,163.5,1,no,no,0,0.0033003300330033004,302,Not Churned
False,191.7,122,241.4,1,no,no,0,0.0033112582781456954,301,Not Churned
False,161.3,97,250.3,1,no,yes,26,0.003246753246753247,307,Not Churned
False,150.6,85,119.0,1,no,no,0,0.0029498525073746312,338,Not Churned
False,184.6,102,196.0,1,no,no,0,0.0029154518950437317,342,Not Churned
False,220.7,120,270.2,1,no,no,0,0.0029940119760479044,333,Not Churned
False,167.3,119,198.5,1,yes,no,0,0.003003003003003003,332,Not Churned
False,154.0,80,185.5,3,no,yes,32,0.01060070671378092,282,Not Churned
False,121.1,116,186.4,0,no,yes,29,0.0,297,Not Churned
False,182.1,94,164.6,3,no,yes,23,0.011538461538461539,259,Not Churned
False,109.6,88,137.6,2,no,no,0,0.006191950464396285,322,Not Churned
False,209.9,105,121.9,1,no,no,0,0.003134796238244514,318,Not Churned
False,167.5,76,242.1,2,no,no,0,0.007246376811594203,275,Not Churned
False,213.9,88,239.8,2,no,no,0,0.006825938566552901,292,Not Churned
False,115.8,108,243.3,1,no,no,0,0.0033003300330033004,302,Not Churned
False,276.6,99,220.1,2,no,yes,30,0.006369426751592357,313,Not Churned
False,179.4,88,181.1,2,no,yes,21,0.0064516129032258064,309,Not Churned
False,187.3,84,270.8,1,no,no,0,0.003952569169960474,252,Not Churned
False,201.2,128,227.2,2,no,no,0,0.006191950464396285,322,Not Churned
False,189.6,78,267.4,1,yes,no,0,0.0029498525073746312,338,Not Churned
False,186.8,124,261.0,0,no,yes,35,0.0,301,Not Churned
False,153.5,83,219.1,0,no,yes,31,0.0,259,Not Churned
False,187.6,97,208.2,2,no,no,0,0.006191950464396285,322,Not Churned
True,230.9,132,243.2,0,yes,no,0,0.0,290,Churned
False,244.9,150,118.0,2,no,yes,26,0.005208333333333333,383,Not Churned
False,230.9,93,223.0,3,no,no,0,0.01090909090909091,274,Not Churned
False,187.1,104,250.2,1,no,no,0,0.0032679738562091504,305,Not Churned
False,170.7,54,191.1,1,no,no,0,0.0036496350364963502,273,Not Churned
True,126.9,97,166.9,5,yes,yes,28,0.017857142857142856,279,Churned
False,189.5,112,207.0,0,no,no,0,0.0,305,Not Churned
True,176.9,110,167.9,1,yes,no,0,0.002849002849002849,350,Churned
False,161.1,99,198.8,1,no,no,0,0.0033222591362126247,300,Not Churned
False,169.4,107,197.2,1,no,no,0,0.003816793893129771,261,Not Churned
False,254.4,133,161.7,0,no,yes,20,0.0,324,Not Churned
False,127.7,54,215.0,2,yes,yes,24,0.008064516129032258,247,Not Churned
False,170.5,107,217.2,6,no,yes,26,0.022988505747126436,260,Not Churned
False,219.1,100,242.9,2,yes,no,0,0.006756756756756757,295,Not Churned
False,273.5,104,183.8,2,yes,no,0,0.008032128514056224,248,Not Churned
False,161.9,138,200.9,1,yes,no,0,0.0025575447570332483,390,Not Churned
False,241.7,87,142.0,1,no,yes,27,0.0038314176245210726,260,Not Churned
False,62.8,124,170.4,3,yes,no,0,0.01098901098901099,272,Not Churned
False,281.1,83,143.7,1,no,yes,22,0.002849002849002849,350,Not Churned
False,228.2,70,263.7,3,no,no,0,0.013888888888888888,215,Not Churned
False,209.8,82,194.5,0,no,no,0,0.0,264,Not Churned
True,265.6,86,208.8,2,no,no,0,0.006666666666666667,299,Churned
False,214.9,97,117.8,2,no,no,0,0.006779661016949152,294,Not Churned
False,110.5,79,223.2,3,no,no,0,0.011627906976744186,257,Not Churned
False,281.1,88,198.0,0,yes,yes,45,0.0,270,Not Churned
False,137.8,86,286.3,2,no,no,0,0.00823045267489712,242,Not Churned
True,271.5,98,253.4,1,yes,yes,33,0.003472222222222222,287,Churned
False,112.8,108,218.8,2,no,no,0,0.005917159763313609,337,Not Churned
False,187.3,118,239.7,1,no,no,0,0.003134796238244514,318,Not Churned
False,197.0,84,269.3,1,no,no,0,0.0033444816053511705,298,Not Churned
False,180.4,89,129.4,1,no,yes,32,0.0029411764705882353,339,Not Churned
True,148.5,126,219.4,1,yes,no,0,0.002631578947368421,379,Churned
False,197.1,113,259.4,2,no,yes,22,0.0057306590257879654,348,Not Churned
False,153.7,115,137.8,1,no,yes,26,0.0026954177897574125,370,Not Churned
False,261.3,96,220.9,1,no,yes,27,0.003367003367003367,296,Not Churned
False,246.2,102,202.4,1,no,no,0,0.002967359050445104,336,Not Churned
False,191.0,88,318.8,0,no,no,0,0.0,290,Not Churned
False,208.3,86,253.6,1,no,no,0,0.0037735849056603774,264,Not Churned
False,253.0,73,219.3,0,no,no,0,0.0,244,Not Churned
False,202.3,87,201.5,0,no,no,0,0.0,284,Not Churned
False,174.4,120,156.3,0,no,no,0,0.0,344,Not Churned
False,127.1,89,172.1,1,no,yes,30,0.003125,319,Not Churned
False,143.5,76,242.6,0,yes,yes,16,0.0,232,Not Churned
False,186.9,94,240.0,1,no,yes,17,0.0033333333333333335,299,Not Churned
False,194.0,118,242.0,1,no,no,0,0.002898550724637681,344,Not Churned
False,234.8,89,106.8,0,no,no,0,0.0,348,Not Churned
False,123.7,96,103.0,1,no,no,0,0.0038022813688212928,262,Not Churned
False,173.9,103,276.4,0,no,no,0,0.0,304,Not Churned
False,130.9,115,203.4,1,no,yes,41,0.003355704697986577,297,Not Churned
True,314.6,102,169.8,2,no,no,0,0.00684931506849315,291,Churned
False,227.9,78,207.5,1,no,no,0,0.0033444816053511705,298,Not Churned
False,95.5,92,163.7,2,no,no,0,0.007142857142857143,279,Not Churned
False,185.3,127,208.0,1,no,no,0,0.003048780487804878,327,Not Churned
False,146.3,133,202.7,1,no,no,0,0.0029850746268656717,334,Not Churned
False,184.0,99,76.4,2,no,yes,16,0.006006006006006006,332,Not Churned
False,105.8,110,43.9,0,no,no,0,0.0,290,Not Churned
False,178.0,110,153.8,1,no,no,0,0.0035211267605633804,283,Not Churned
False,149.4,74,123.9,1,no,yes,24,0.004219409282700422,236,Not Churned
False,209.4,104,132.5,2,no,no,0,0.006472491909385114,308,Not Churned
False,172.1,105,211.7,1,no,no,0,0.0031645569620253164,315,Not Churned
False,169.3,82,217.9,1,yes,no,0,0.0031645569620253164,315,Not Churned
False,119.1,117,287.7,0,no,no,0,0.0,357,Not Churned
False,194.2,147,173.4,2,no,no,0,0.005698005698005698,350,Not Churned
False,198.8,56,230.1,2,no,no,0,0.009345794392523364,213,Not Churned
True,167.7,94,93.7,3,yes,no,0,0.009036144578313253,331,Churned
False,202.2,86,216.8,2,no,no,0,0.0071174377224199285,280,Not Churned
True,322.5,106,204.6,2,no,no,0,0.006024096385542169,331,Churned
False,216.2,107,215.6,0,no,no,0,0.0,321,Not Churned
False,76.4,116,115.6,3,no,no,0,0.010416666666666666,287,Not Churned
False,72.7,75,208.6,1,no,no,0,0.003745318352059925,266,Not Churned
False,210.4,100,225.5,0,no,yes,31,0.0,321,Not Churned
False,127.2,93,162.9,0,yes,yes,33,0.0,319,Not Churned
False,201.8,79,304.9,1,no,yes,28,0.0028653295128939827,348,Not Churned
False,219.5,78,222.1,1,no,yes,17,0.003703703703703704,269,Not Churned
False,99.3,112,270.5,3,no,no,0,0.008595988538681949,348,Not Churned
False,239.2,114,150.0,5,no,no,0,0.01597444089456869,312,Not Churned
False,120.9,58,235.0,2,yes,no,0,0.006944444444444444,287,Not Churned
False,224.7,81,129.4,1,no,no,0,0.003236245954692557,308,Not Churned
False,176.6,88,162.7,1,no,yes,19,0.003861003861003861,258,Not Churned
False,283.9,98,192.0,1,no,yes,51,0.003367003367003367,296,Not Churned
True,180.6,92,190.9,1,no,no,0,0.002976190476190476,335,Churned
False,125.9,101,196.4,1,no,yes,31,0.0035335689045936395,282,Not Churned
False,237.6,79,192.4,0,no,no,0,0.0,306,Not Churned
False,198.4,91,264.7,2,no,no,0,0.006644518272425249,300,Not Churned
False,274.3,110,52.9,0,no,no,0,0.0,343,Not Churned
True,199.6,89,211.4,3,yes,no,0,0.010948905109489052,273,Churned
False,217.7,91,273.5,3,no,no,0,0.011194029850746268,267,Not Churned
False,134.7,96,235.9,3,no,no,0,0.00980392156862745,305,Not Churned
False,212.7,73,257.5,2,no,yes,24,0.006472491909385114,308,Not Churned
False,256.3,135,180.2,2,no,no,0,0.005208333333333333,383,Not Churned
False,183.6,133,120.7,1,no,no,0,0.002890173410404624,345,Not Churned
False,176.2,90,196.0,1,no,no,0,0.003278688524590164,304,Not Churned
False,205.0,94,165.4,1,no,yes,37,0.003484320557491289,286,Not Churned
True,267.9,114,223.0,3,no,no,0,0.010638297872340425,281,Churned
False,179.2,111,175.2,2,no,no,0,0.0058823529411764705,339,Not Churned
False,149.4,145,196.5,1,no,no,0,0.0027624309392265192,361,Not Churned
False,163.6,132,146.7,3,no,yes,38,0.008241758241758242,363,Not Churned
False,207.6,71,152.7,1,no,no,0,0.003289473684210526,303,Not Churned
False,165.4,108,183.7,3,no,no,0,0.009259259259259259,323,Not Churned
False,209.8,114,171.3,4,no,no,0,0.012307692307692308,324,Not Churned
False,220.1,128,268.2,0,no,yes,27,0.0,344,Not Churned
False,141.3,72,154.3,1,no,no,0,0.003787878787878788,263,Not Churned
False,196.5,89,241.3,0,no,no,0,0.0,324,Not Churned
False,180.9,114,209.5,2,yes,no,0,0.005847953216374269,341,Not Churned
False,105.0,150,251.6,0,no,no,0,0.0,338,Not Churned
True,271.4,119,190.4,4,no,no,0,0.011560693641618497,345,Churned
False,206.7,79,174.6,1,no,yes,43,0.0035087719298245615,284,Not Churned
False,166.8,109,236.0,1,no,no,0,0.003278688524590164,304,Not Churned
False,204.9,107,135.2,5,no,no,0,0.01567398119122257,318,Not Churned
False,154.6,128,245.6,1,no,yes,15,0.00303951367781155,328,Not Churned
False,127.0,107,323.2,1,no,no,0,0.003205128205128205,311,Not Churned
False,267.4,78,204.2,1,yes,no,0,0.0031847133757961785,313,Not Churned
False,281.0,66,160.6,1,no,no,0,0.004016064257028112,248,Not Churned
False,270.8,96,220.4,4,no,yes,33,0.012539184952978056,318,Not Churned
False,171.2,82,185.6,1,no,no,0,0.00390625,255,Not Churned
False,124.1,82,202.6,3,no,no,0,0.00909090909090909,329,Not Churned
False,162.8,113,290.3,1,no,no,0,0.002717391304347826,367,Not Churned
False,146.3,84,255.9,1,no,no,0,0.0030581039755351682,326,Not Churned
False,254.8,85,143.4,2,no,no,0,0.007272727272727273,274,Not Churned
False,254.9,108,243.2,2,no,yes,26,0.005847953216374269,341,Not Churned
False,107.7,124,188.9,0,no,yes,31,0.0,329,Not Churned
False,158.8,75,264.8,1,no,no,0,0.00398406374501992,250,Not Churned
False,182.9,113,239.6,2,no,no,0,0.006514657980456026,306,Not Churned
False,198.5,112,42.5,0,no,no,0,0.0,331,Not Churned
False,178.4,72,233.6,0,no,no,0,0.0,299,Not Churned
False,110.9,91,158.5,1,no,no,0,0.0029154518950437317,342,Not Churned
True,166.9,85,221.2,1,no,yes,27,0.0035842293906810036,278,Churned
False,244.8,91,60.8,2,yes,no,0,0.0064516129032258064,309,Not Churned
True,120.8,96,169.8,4,no,no,0,0.015151515151515152,263,Churned
False,165.3,118,210.0,2,no,no,0,0.006329113924050633,315,Not Churned
False,126.7,113,155.5,2,no,no,0,0.005494505494505495,363,Not Churned
False,215.9,106,200.6,0,no,yes,35,0.0,327,Not Churned
False,140.1,132,209.6,1,no,no,0,0.0029585798816568047,337,Not Churned
False,209.9,113,249.8,1,no,yes,32,0.0031545741324921135,316,Not Churned
False,139.8,114,138.2,0,yes,yes,29,0.0,299,Not Churned
True,321.6,107,251.6,2,no,no,0,0.005208333333333333,383,Churned
False,166.6,61,218.8,7,no,no,0,0.02287581699346405,305,Not Churned
False,214.2,90,196.8,0,no,no,0,0.0,288,Not Churned
True,260.0,123,210.5,1,no,no,0,0.0030864197530864196,323,Churned
True,191.9,113,70.9,4,no,no,0,0.01282051282051282,311,Churned
False,213.0,95,188.8,0,no,no,0,0.0,291,Not Churned
False,118.1,83,109.6,1,no,yes,24,0.004329004329004329,230,Not Churned
False,190.2,89,166.4,6,no,no,0,0.02181818181818182,274,Not Churned
False,82.2,95,163.3,0,no,yes,25,0.0,314,Not Churned
False,163.8,80,177.8,0,no,yes,32,0.0,314,Not Churned
True,267.8,145,316.4,5,no,no,0,0.013550135501355014,368,Churned
False,159.8,91,120.4,2,no,no,0,0.0072992700729927005,273,Not Churned
False,214.3,129,289.8,1,no,yes,24,0.003134796238244514,318,Not Churned
True,287.3,123,288.0,0,no,no,0,0.0,353,Churned
False,101.2,122,141.6,2,no,no,0,0.005934718100890208,336,Not Churned
False,102.8,74,281.7,2,no,no,0,0.006289308176100629,317,Not Churned
False,109.1,97,115.7,0,no,no,0,0.0,283,Not Churned
False,215.9,67,217.0,1,no,no,0,0.003246753246753247,307,Not Churned
False,203.4,110,128.7,1,no,no,0,0.003076923076923077,324,Not Churned
False,110.1,113,169.0,1,no,no,0,0.0037174721189591076,268,Not Churned
False,111.0,51,219.8,1,no,no,0,0.0041841004184100415,238,Not Churned
False,239.9,121,142.3,1,no,no,0,0.0035211267605633804,283,Not Churned
False,144.8,107,112.5,1,no,no,0,0.00390625,255,Not Churned
False,135.4,134,205.9,1,no,no,0,0.0030581039755351682,326,Not Churned
False,84.2,134,80.8,1,no,no,0,0.003134796238244514,318,Not Churned
False,209.1,127,106.1,0,no,no,0,0.0,303,Not Churned
False,130.1,117,196.0,0,no,yes,24,0.0,306,Not Churned
False,175.8,139,155.0,2,no,yes,24,0.006514657980456026,306,Not Churned
False,241.9,104,145.2,1,no,no,0,0.0030581039755351682,326,Not Churned
False,136.7,106,228.6,0,no,no,0,0.0,329,Not Churned
False,67.7,68,195.7,1,no,no,0,0.003401360544217687,293,Not Churned
False,200.4,87,309.2,1,no,no,0,0.003194888178913738,312,Not Churned
True,125.8,103,207.7,1,yes,no,0,0.002881844380403458,346,Churned
False,128.2,87,133.2,1,no,no,0,0.0031446540880503146,317,Not Churned
False,226.3,88,223.0,4,no,no,0,0.013745704467353952,290,Not Churned
False,162.3,107,233.9,0,no,yes,37,0.0,320,Not Churned
False,224.4,121,147.9,2,no,no,0,0.006779661016949152,294,Not Churned
False,120.5,127,189.7,1,no,no,0,0.0034602076124567475,288,Not Churned
False,91.1,90,179.3,2,no,no,0,0.006600660066006601,302,Not Churned
False,168.8,137,241.4,0,no,no,0,0.0,354,Not Churned
False,153.5,81,287.3,2,no,no,0,0.006968641114982578,286,Not Churned
False,226.2,88,140.3,0,no,no,0,0.0,314,Not Churned
False,191.9,107,206.9,1,no,no,0,0.003076923076923077,324,Not Churned
True,167.9,147,190.7,4,no,yes,28,0.011049723756906077,361,Churned
False,180.0,88,145.0,2,no,no,0,0.00684931506849315,291,Not Churned
True,257.4,67,261.1,2,no,no,0,0.007380073800738007,270,Churned
False,174.4,75,169.9,1,no,yes,28,0.0034482758620689655,289,Not Churned
False,159.7,83,155.4,1,no,no,0,0.003105590062111801,321,Not Churned
False,237.2,124,222.6,1,no,no,0,0.0033783783783783786,295,Not Churned
False,103.0,129,242.3,1,no,no,0,0.003076923076923077,324,Not Churned
False,153.8,89,234.0,4,no,no,0,0.015503875968992248,257,Not Churned
False,205.1,86,160.5,3,no,no,0,0.009202453987730062,325,Not Churned
False,175.7,93,187.2,2,no,yes,39,0.006472491909385114,308,Not Churned
False,155.9,123,224.2,2,no,no,0,0.005555555555555556,359,Not Churned
False,154.4,109,221.4,0,no,yes,34,0.0,359,Not Churned
False,209.7,73,183.6,2,no,yes,23,0.00796812749003984,250,Not Churned
False,150.0,69,285.9,0,yes,no,0,0.0,278,Not Churned
False,232.4,97,186.0,3,no,yes,23,0.00946372239747634,316,Not Churned
False,165.4,100,115.7,2,no,no,0,0.006430868167202572,310,Not Churned
False,199.2,106,187.3,3,no,no,0,0.014492753623188406,206,Not Churned
False,217.6,81,320.5,0,no,no,0,0.0,245,Not Churned
False,212.1,95,150.1,3,no,no,0,0.010101010101010102,296,Not Churned
False,154.0,75,165.8,1,no,yes,30,0.0038314176245210726,260,Not Churned
False,193.8,130,202.6,1,no,yes,31,0.003003003003003003,332,Not Churned
False,175.4,130,248.1,0,no,no,0,0.0,324,Not Churned
True,152.0,63,258.8,2,no,yes,22,0.006472491909385114,308,Churned
False,230.2,147,186.7,0,no,no,0,0.0,371,Not Churned
True,174.9,103,248.2,1,no,yes,33,0.003048780487804878,327,Churned
False,190.2,68,262.2,0,no,no,0,0.0,228,Not Churned
False,176.4,122,224.9,1,no,no,0,0.003367003367003367,296,Not Churned
False,160.9,95,251.2,3,no,no,0,0.011406844106463879,262,Not Churned
False,228.7,90,163.0,1,no,no,0,0.0035335689045936395,282,Not Churned
False,144.0,90,181.6,0,no,no,0,0.0,285,Not Churned
False,135.9,90,271.0,6,no,yes,31,0.02214022140221402,270,Not Churned
True,334.3,118,192.1,0,no,no,0,0.0,311,Churned
False,130.5,77,131.2,0,no,no,0,0.0,263,Not Churned
True,134.2,105,162.5,4,no,yes,21,0.012269938650306749,325,Churned
True,278.0,102,266.4,4,no,no,0,0.011799410029498525,338,Churned
False,105.4,70,214.8,0,no,no,0,0.0,323,Not Churned
False,188.9,94,203.9,3,no,no,0,0.00906344410876133,330,Not Churned
False,111.8,85,239.6,1,no,yes,24,0.003663003663003663,272,Not Churned
False,159.1,106,149.8,1,no,yes,33,0.0029940119760479044,333,Not Churned
False,212.4,105,224.6,1,no,no,0,0.003003003003003003,332,Not Churned
False,142.3,112,306.3,1,no,no,0,0.003257328990228013,306,Not Churned
True,346.8,55,249.5,1,yes,no,0,0.0040650406504065045,245,Churned
False,113.9,102,145.3,1,no,yes,15,0.002531645569620253,394,Not Churned
True,267.9,103,263.3,1,yes,yes,27,0.0034965034965034965,285,Churned
False,171.4,117,115.2,3,no,no,0,0.00821917808219178,364,Not Churned
False,275.4,150,187.5,1,no,no,0,0.0029239766081871343,341,Not Churned
False,197.2,118,249.9,0,no,yes,31,0.0,294,Not Churned
False,192.6,97,135.2,2,no,yes,35,0.006622516556291391,301,Not Churned
False,91.7,104,150.6,1,no,yes,26,0.0030120481927710845,331,Not Churned
False,126.3,99,141.6,0,no,no,0,0.0,303,Not Churned
False,251.5,107,234.1,3,no,yes,33,0.00964630225080386,310,Not Churned
False,190.6,108,152.3,1,no,no,0,0.0032679738562091504,305,Not Churned
False,116.1,101,201.8,0,no,no,0,0.0,308,Not Churned
False,217.3,91,216.1,2,no,no,0,0.007518796992481203,265,Not Churned
False,179.4,80,232.5,0,no,no,0,0.0,287,Not Churned
False,207.7,109,164.8,0,no,no,0,0.0,297,Not Churned
True,277.3,138,228.4,2,no,no,0,0.005509641873278237,362,Churned
False,125.3,84,167.6,1,no,no,0,0.003289473684210526,303,Not Churned
False,138.1,91,167.3,2,no,yes,32,0.0070921985815602835,281,Not Churned
False,169.3,88,225.9,0,no,yes,38,0.0,274,Not Churned
False,201.3,101,143.8,1,no,yes,27,0.003115264797507788,320,Not Churned
False,216.7,117,116.5,2,yes,no,0,0.00558659217877095,357,Not Churned
False,190.4,92,317.5,2,no,no,0,0.006779661016949152,294,Not Churned
False,143.3,91,195.5,1,no,no,0,0.003968253968253968,251,Not Churned
False,97.4,57,203.6,2,no,yes,42,0.0070921985815602835,281,Not Churned
False,181.4,111,167.7,3,no,no,0,0.00911854103343465,328,Not Churned
False,246.4,83,256.2,0,no,no,0,0.0,339,Not Churned
False,143.4,130,289.4,2,no,no,0,0.006968641114982578,286,Not Churned
False,104.9,111,198.5,2,no,no,0,0.006097560975609756,327,Not Churned
False,156.2,93,193.0,1,no,no,0,0.004048582995951417,246,Not Churned
False,114.8,125,81.9,0,no,no,0,0.0,356,Not Churned
False,232.5,96,205.5,0,no,no,0,0.0,309,Not Churned
False,143.6,117,152.4,1,no,no,0,0.0029498525073746312,338,Not Churned
False,176.7,132,244.1,2,no,no,0,0.005934718100890208,336,Not Churned
True,263.4,148,230.3,1,no,no,0,0.0030864197530864196,323,Churned
False,146.4,74,148.5,1,no,no,0,0.0037593984962406013,265,Not Churned
False,145.0,72,194.5,2,no,yes,33,0.005390835579514825,370,Not Churned
False,167.8,91,167.7,1,no,no,0,0.004098360655737705,243,Not Churned
False,166.9,99,154.9,0,no,no,0,0.0,290,Not Churned
False,142.5,87,195.7,2,no,no,0,0.006644518272425249,300,Not Churned
False,133.0,65,262.8,1,yes,no,0,0.0034482758620689655,289,Not Churned
False,252.9,129,284.3,1,no,yes,11,0.0031446540880503146,317,Not Churned
False,95.0,94,291.2,2,no,yes,28,0.007042253521126761,283,Not Churned
True,194.2,106,249.4,1,yes,no,0,0.0029239766081871343,341,Churned
False,222.8,114,215.9,1,no,no,0,0.002857142857142857,349,Not Churned
False,201.8,82,231.5,0,no,no,0,0.0,312,Not Churned
True,216.0,125,232.3,2,no,yes,42,0.005988023952095809,333,Churned
False,146.3,108,171.8,1,no,no,0,0.0034965034965034965,285,Not Churned
False,234.8,85,140.9,1,no,no,0,0.0036363636363636364,274,Not Churned
False,198.6,111,213.9,2,no,no,0,0.005917159763313609,337,Not Churned
False,94.4,80,215.1,2,no,no,0,0.006688963210702341,298,Not Churned
False,190.4,74,215.6,2,no,no,0,0.006666666666666667,299,Not Churned
False,142.6,77,208.2,3,no,yes,32,0.00974025974025974,307,Not Churned
False,134.2,80,165.0,0,yes,no,0,0.0,258,Not Churned
True,111.9,92,114.0,5,no,no,0,0.015723270440251572,317,Churned
False,122.8,89,211.3,2,no,no,0,0.006968641114982578,286,Not Churned
False,189.3,77,220.9,4,no,no,0,0.013114754098360656,304,Not Churned
False,240.4,112,201.8,0,no,yes,38,0.0,332,Not Churned
False,93.5,112,183.4,0,yes,yes,24,0.0,376,Not Churned
False,158.6,104,211.2,3,no,no,0,0.01020408163265306,293,Not Churned
False,243.2,109,147.0,4,yes,no,0,0.013289036544850499,300,Not Churned
False,176.4,115,158.8,4,no,no,0,0.011299435028248588,353,Not Churned
False,220.9,129,242.2,0,no,no,0,0.0,317,Not Churned
False,144.4,87,266.5,0,no,no,0,0.0,281,Not Churned
False,212.3,107,228.4,0,no,no,0,0.0,329,Not Churned
False,147.0,72,165.7,1,no,no,0,0.003436426116838488,290,Not Churned
False,96.2,112,178.9,2,no,yes,25,0.007220216606498195,276,Not Churned
False,263.4,118,179.1,0,no,no,0,0.0,301,Not Churned
False,12.5,67,256.6,1,yes,no,0,0.00392156862745098,254,Not Churned
False,162.3,116,192.4,2,no,no,0,0.006535947712418301,305,Not Churned
False,183.6,107,58.6,1,no,no,0,0.003048780487804878,327,Not Churned
False,178.1,109,146.5,1,no,no,0,0.0036231884057971015,275,Not Churned
False,201.4,101,97.6,0,no,no,0,0.0,345,Not Churned
False,123.0,158,133.9,1,no,yes,38,0.0025974025974025974,384,Not Churned
False,208.0,125,198.9,0,no,no,0,0.0,304,Not Churned
False,239.2,72,188.5,1,no,no,0,0.0031645569620253164,315,Not Churned
False,193.0,97,89.8,1,no,no,0,0.003289473684210526,303,Not Churned
False,174.5,101,245.6,1,no,yes,31,0.003424657534246575,291,Not Churned
False,116.7,71,145.9,1,no,yes,26,0.0037593984962406013,265,Not Churned
False,93.8,127,150.0,1,no,no,0,0.002857142857142857,349,Not Churned
False,154.1,114,118.7,2,yes,yes,30,0.0060790273556231,328,Not Churned
False,239.5,82,203.8,0,no,yes,29,0.0,263,Not Churned
False,216.0,140,224.1,0,no,yes,25,0.0,325,Not Churned
False,187.4,97,177.8,1,no,no,0,0.0034482758620689655,289,Not Churned
False,167.4,119,233.2,0,no,no,0,0.0,382,Not Churned
False,160.4,108,218.1,1,no,no,0,0.0031645569620253164,315,Not Churned
False,143.2,92,209.1,1,no,no,0,0.0029411764705882353,339,Not Churned
False,205.3,122,240.5,1,no,no,0,0.0025380710659898475,393,Not Churned
False,219.1,88,151.5,1,no,yes,25,0.003937007874015748,253,Not Churned
False,143.2,77,169.8,1,no,no,0,0.003663003663003663,272,Not Churned
False,232.8,106,175.2,2,no,no,0,0.006944444444444444,287,Not Churned
False,162.0,81,247.5,0,no,no,0,0.0,277,Not Churned
False,25.9,119,206.5,1,no,yes,27,0.003484320557491289,286,Not Churned
True,154.2,123,112.3,4,no,no,0,0.01384083044982699,288,Churned
True,322.3,113,222.0,0,no,no,0,0.0,339,Churned
False,209.9,112,221.3,1,no,no,0,0.003436426116838488,290,Not Churned
False,191.5,88,175.2,0,no,no,0,0.0,284,Not Churned
False,291.1,150,226.7,1,no,yes,19,0.0029154518950437317,342,Not Churned
False,215.6,115,216.2,3,no,no,0,0.011235955056179775,266,Not Churned
False,208.8,101,213.7,3,yes,no,0,0.010676156583629894,280,Not Churned
False,255.9,97,204.1,3,no,no,0,0.00949367088607595,315,Not Churned
False,252.7,97,221.1,2,no,no,0,0.006191950464396285,322,Not Churned
False,132.1,72,247.5,3,no,no,0,0.009708737864077669,308,Not Churned
False,217.0,115,207.0,1,no,no,0,0.002717391304347826,367,Not Churned
False,101.9,79,223.1,0,no,yes,42,0.0,255,Not Churned
False,211.5,100,184.6,2,no,no,0,0.006172839506172839,323,Not Churned
False,153.4,86,198.5,0,no,no,0,0.0,253,Not Churned
False,166.3,95,239.3,2,no,no,0,0.006802721088435374,293,Not Churned
False,185.2,87,170.4,1,no,no,0,0.0033222591362126247,300,Not Churned
False,104.6,121,149.5,2,no,no,0,0.007462686567164179,267,Not Churned
False,245.2,105,159.0,0,no,no,0,0.0,296,Not Churned
False,274.4,120,198.6,1,no,no,0,0.0037313432835820895,267,Not Churned
False,98.4,78,249.6,1,no,no,0,0.003067484662576687,325,Not Churned
False,279.9,121,223.1,1,no,yes,29,0.0030581039755351682,326,Not Churned
False,187.2,127,195.6,1,no,no,0,0.0028653295128939827,348,Not Churned
False,276.2,95,165.8,3,no,no,0,0.010067114093959731,297,Not Churned
False,200.4,104,272.8,1,no,yes,35,0.003355704697986577,297,Not Churned
False,162.3,96,244.0,2,no,no,0,0.00641025641025641,311,Not Churned
True,176.9,128,102.8,4,no,no,0,0.014760147601476014,270,Churned
False,165.5,78,205.5,0,no,no,0,0.0,297,Not Churned
False,217.8,93,189.7,4,no,no,0,0.013201320132013201,302,Not Churned
True,201.4,100,246.5,2,no,yes,28,0.0056657223796034,352,Churned
False,190.5,115,179.6,3,no,no,0,0.008823529411764706,339,Not Churned
False,179.9,97,189.2,3,no,yes,29,0.011111111111111112,269,Not Churned
False,235.9,104,80.6,3,no,no,0,0.009554140127388535,313,Not Churned
False,140.4,112,187.1,0,no,no,0,0.0,328,Not Churned
False,144.6,115,258.8,2,no,no,0,0.006578947368421052,303,Not Churned
False,189.0,100,118.5,0,no,no,0,0.0,292,Not Churned
False,101.0,93,155.6,0,no,no,0,0.0,292,Not Churned
False,206.3,98,292.8,1,no,no,0,0.0032679738562091504,305,Not Churned
False,165.1,85,267.0,1,no,yes,15,0.003367003367003367,296,Not Churned
True,165.0,129,202.6,1,no,no,0,0.0029069767441860465,343,Churned
False,155.9,95,256.1,3,no,no,0,0.010033444816053512,298,Not Churned
False,199.2,122,214.7,1,yes,no,0,0.0028653295128939827,348,Not Churned
False,155.3,116,188.2,3,no,no,0,0.010752688172043012,278,Not Churned
False,208.3,106,236.7,3,no,no,0,0.008450704225352112,354,Not Churned
False,157.1,79,162.6,1,no,no,0,0.0028735632183908046,347,Not Churned
True,154.4,165,168.3,5,no,no,0,0.013440860215053764,371,Churned
True,189.1,105,246.1,1,no,no,0,0.0027472527472527475,363,Churned
False,131.5,98,230.2,2,no,yes,24,0.006666666666666667,299,Not Churned
False,166.4,85,243.2,1,no,no,0,0.003115264797507788,320,Not Churned
False,142.3,75,122.8,2,no,no,0,0.007017543859649123,284,Not Churned
False,87.7,103,223.0,2,no,yes,19,0.006535947712418301,305,Not Churned
False,184.1,78,194.5,0,no,yes,19,0.0,253,Not Churned
False,174.5,104,224.2,2,yes,yes,31,0.006711409395973154,297,Not Churned
False,103.3,103,138.5,2,no,no,0,0.007067137809187279,282,Not Churned
False,35.1,62,180.8,1,no,no,0,0.0047169811320754715,211,Not Churned
False,246.6,94,141.4,1,no,yes,25,0.003115264797507788,320,Not Churned
False,78.5,109,210.5,1,no,yes,37,0.0031545741324921135,316,Not Churned
True,148.1,73,164.9,5,no,no,0,0.016556291390728478,301,Churned
False,206.2,84,256.4,1,no,no,0,0.0031545741324921135,316,Not Churned
False,251.6,87,197.6,2,no,yes,33,0.006535947712418301,305,Not Churned
True,270.3,111,215.2,1,yes,yes,26,0.0029239766081871343,341,Churned
False,156.6,97,224.2,1,no,yes,34,0.0030211480362537764,330,Not Churned
False,139.4,81,223.7,1,no,no,0,0.0035971223021582736,277,Not Churned
False,220.2,108,188.4,2,no,no,0,0.0057306590257879654,348,Not Churned
False,214.1,108,169.2,1,no,yes,39,0.0029069767441860465,343,Not Churned
False,196.0,74,213.4,1,no,no,0,0.003875968992248062,257,Not Churned
True,106.4,71,240.1,6,no,no,0,0.02197802197802198,272,Churned
False,179.4,113,275.4,0,no,yes,29,0.0,323,Not Churned
False,216.7,30,144.3,2,no,no,0,0.0076045627376425855,262,Not Churned
False,177.3,129,152.8,0,no,no,0,0.0,328,Not Churned
False,151.6,117,219.4,1,no,no,0,0.0035971223021582736,277,Not Churned
False,262.2,123,165.2,0,no,yes,32,0.0,267,Not Churned
False,173.6,110,91.7,3,no,no,0,0.009836065573770493,304,Not Churned
False,106.6,76,147.4,2,yes,no,0,0.006968641114982578,286,Not Churned
True,193.3,106,128.3,5,no,no,0,0.015432098765432098,323,Churned
False,217.2,94,138.7,0,no,yes,24,0.0,235,Not Churned
False,209.5,89,172.8,1,no,no,0,0.0035587188612099642,280,Not Churned
False,95.4,105,207.2,1,no,no,0,0.00303951367781155,328,Not Churned
False,214.6,110,205.2,1,no,yes,26,0.0029411764705882353,339,Not Churned
True,131.6,120,211.3,4,no,no,0,0.012578616352201259,317,Churned
False,168.4,117,217.1,1,no,no,0,0.002824858757062147,353,Not Churned
False,146.4,123,176.6,1,no,no,0,0.0029069767441860465,343,Not Churned
False,183.0,110,206.7,1,yes,no,0,0.00303951367781155,328,Not Churned
False,103.3,122,245.9,0,no,no,0,0.0,347,Not Churned
False,112.2,70,154.8,0,no,yes,28,0.0,283,Not Churned
False,170.7,55,179.1,3,yes,no,0,0.011450381679389313,261,Not Churned
False,172.5,78,142.6,0,no,no,0,0.0,234,Not Churned
False,194.3,107,243.2,1,no,yes,30,0.0029850746268656717,334,Not Churned
False,187.8,117,129.8,2,no,yes,32,0.006172839506172839,323,Not Churned
False,307.1,94,289.4,0,yes,yes,26,0.0,284,Not Churned
False,118.2,106,167.2,3,no,no,0,0.008522727272727272,351,Not Churned
False,154.0,95,205.9,1,no,no,0,0.0035971223021582736,277,Not Churned
False,155.5,101,213.4,1,no,no,0,0.0038022813688212928,262,Not Churned
False,125.6,108,213.0,1,yes,no,0,0.003205128205128205,311,Not Churned
False,199.3,104,224.2,0,no,no,0,0.0,255,Not Churned
False,157.9,88,180.8,1,no,no,0,0.003067484662576687,325,Not Churned
False,203.4,81,167.7,2,no,no,0,0.006230529595015576,320,Not Churned
False,222.2,113,218.5,1,no,no,0,0.00303951367781155,328,Not Churned
False,92.8,98,271.2,1,no,yes,39,0.003289473684210526,303,Not Churned
False,216.8,78,102.2,0,no,yes,32,0.0,274,Not Churned
False,193.2,89,194.4,4,no,no,0,0.013986013986013986,285,Not Churned
False,113.2,108,189.3,3,no,no,0,0.01,299,Not Churned
False,166.2,54,238.8,3,no,yes,36,0.011627906976744186,257,Not Churned
False,262.2,101,157.0,1,no,yes,23,0.0033783783783783786,295,Not Churned
False,207.8,92,195.7,0,no,no,0,0.0,330,Not Churned
False,245.4,89,148.2,1,no,yes,35,0.0029940119760479044,333,Not Churned
True,287.1,108,178.4,3,no,no,0,0.008982035928143712,333,Churned
False,192.3,82,165.3,2,no,yes,32,0.00684931506849315,291,Not Churned
False,194.2,122,242.1,2,no,no,0,0.006968641114982578,286,Not Churned
False,211.0,92,217.0,3,no,no,0,0.00980392156862745,305,Not Churned
False,141.9,92,228.9,0,no,yes,12,0.0,300,Not Churned
False,220.5,94,239.5,2,no,yes,26,0.0058997050147492625,338,Not Churned
False,157.4,122,145.0,1,no,no,0,0.003424657534246575,291,Not Churned
False,143.5,106,223.5,0,no,yes,28,0.0,327,Not Churned
False,156.0,56,56.0,0,no,no,0,0.0,284,Not Churned
False,160.1,63,208.4,2,yes,no,0,0.007220216606498195,276,Not Churned
True,235.1,98,251.8,4,yes,no,0,0.015625,255,Churned
True,160.0,95,209.5,5,yes,yes,15,0.015723270440251572,317,Churned
False,188.4,63,165.9,1,no,no,0,0.004424778761061947,225,Not Churned
False,194.8,97,235.3,1,no,no,0,0.002898550724637681,344,Not Churned
False,247.8,117,130.0,1,no,no,0,0.0029411764705882353,339,Not Churned
False,221.2,80,213.6,4,no,no,0,0.01444043321299639,276,Not Churned
False,118.5,86,213.9,2,no,yes,26,0.006514657980456026,306,Not Churned
False,231.8,78,232.9,1,no,yes,33,0.0035335689045936395,282,Not Churned
False,215.9,90,257.9,1,no,yes,25,0.0029069767441860465,343,Not Churned
False,217.1,92,220.8,2,no,yes,35,0.006153846153846154,324,Not Churned
False,83.5,96,221.1,0,no,no,0,0.0,237,Not Churned
False,183.3,106,205.1,1,no,yes,39,0.003278688524590164,304,Not Churned
True,236.8,141,265.3,1,yes,no,0,0.003105590062111801,321,Churned
False,193.8,90,195.3,1,no,no,0,0.0030959752321981426,322,Not Churned
False,134.0,112,206.0,0,no,yes,25,0.0,345,Not Churned
False,176.6,65,172.7,2,no,yes,25,0.006779661016949152,294,Not Churned
False,191.4,93,205.4,3,no,no,0,0.008902077151335312,336,Not Churned
False,174.8,127,219.6,0,yes,yes,35,0.0,313,Not Churned
False,275.2,67,180.2,1,no,no,0,0.003472222222222222,287,Not Churned
False,174.0,85,241.1,1,no,no,0,0.003389830508474576,294,Not Churned
False,165.0,132,249.7,1,no,no,0,0.0028169014084507044,354,Not Churned
False,228.7,102,168.7,1,no,no,0,0.0032679738562091504,305,Not Churned
False,107.9,88,235.8,2,no,no,0,0.00625,319,Not Churned
False,221.3,140,157.8,1,no,no,0,0.003076923076923077,324,Not Churned
False,141.1,84,211.4,3,no,no,0,0.009202453987730062,325,Not Churned
False,166.4,92,238.3,4,no,yes,31,0.01568627450980392,254,Not Churned
False,249.6,87,227.2,3,no,yes,28,0.009345794392523364,320,Not Churned
False,178.6,83,213.1,1,no,no,0,0.003215434083601286,310,Not Churned
False,139.0,96,224.9,2,no,no,0,0.007042253521126761,283,Not Churned
False,134.3,98,202.3,2,no,no,0,0.006389776357827476,312,Not Churned
False,215.9,93,240.1,3,no,no,0,0.009771986970684038,306,Not Churned
False,181.6,91,213.2,1,no,yes,31,0.003125,319,Not Churned
False,178.4,97,168.3,1,no,no,0,0.003194888178913738,312,Not Churned
False,106.4,84,140.2,1,no,no,0,0.003663003663003663,272,Not Churned
False,170.7,101,240.2,2,no,no,0,0.006666666666666667,299,Not Churned
False,184.5,139,183.2,0,no,yes,33,0.0,329,Not Churned
False,161.2,109,204.2,1,no,yes,37,0.0035714285714285713,279,Not Churned
False,84.9,77,257.5,2,no,no,0,0.007751937984496124,257,Not Churned
False,217.9,71,230.1,1,no,no,0,0.0033333333333333335,299,Not Churned
True,270.9,98,226.2,0,no,no,0,0.0,273,Churned
True,243.0,91,183.9,0,no,no,0,0.0,283,Churned
False,128.2,71,48.1,0,no,no,0,0.0,232,Not Churned
False,126.3,115,168.8,2,no,no,0,0.006060606060606061,329,Not Churned
False,178.7,56,215.7,4,no,no,0,0.018018018018018018,221,Not Churned
False,159.0,109,255.1,0,no,no,0,0.0,328,Not Churned
False,150.9,79,161.8,3,no,no,0,0.010452961672473868,286,Not Churned
False,219.9,118,208.5,3,yes,yes,24,0.008571428571428572,349,Not Churned
False,168.0,116,192.4,2,no,no,0,0.00641025641025641,311,Not Churned
True,162.1,83,171.8,4,no,yes,34,0.014285714285714285,279,Churned
False,198.8,107,195.5,5,no,no,0,0.015337423312883436,325,Not Churned
False,256.8,90,230.1,3,yes,no,0,0.010452961672473868,286,Not Churned
False,182.8,122,212.7,1,no,yes,35,0.002881844380403458,346,Not Churned
False,196.8,92,254.2,1,no,yes,38,0.003472222222222222,287,Not Churned
False,140.1,120,231.4,2,no,no,0,0.005249343832020997,380,Not Churned
False,194.3,83,189.9,5,no,no,0,0.017482517482517484,285,Not Churned
False,117.6,66,214.0,1,no,no,0,0.0036496350364963502,273,Not Churned
False,193.7,108,186.6,0,yes,no,0,0.0,314,Not Churned
False,243.1,105,231.4,2,no,no,0,0.005917159763313609,337,Not Churned
False,145.4,132,129.3,1,no,no,0,0.002967359050445104,336,Not Churned
False,169.1,105,169.9,3,no,no,0,0.009259259259259259,323,Not Churned
False,229.3,93,184.5,2,no,no,0,0.006688963210702341,298,Not Churned
False,197.2,97,211.7,4,yes,no,0,0.011428571428571429,349,Not Churned
True,186.4,84,201.0,2,no,yes,33,0.0061162079510703364,326,Churned
False,76.1,121,290.3,0,no,no,0,0.0,286,Not Churned
False,162.8,65,185.0,2,no,no,0,0.0070921985815602835,281,Not Churned
False,182.3,115,199.2,1,no,no,0,0.0030211480362537764,330,Not Churned
False,194.4,83,247.8,2,yes,no,0,0.007462686567164179,267,Not Churned
False,189.3,95,118.6,2,no,yes,20,0.006349206349206349,314,Not Churned
False,160.1,107,168.7,3,no,yes,22,0.008571428571428572,349,Not Churned
False,145.0,76,240.7,3,no,no,0,0.009174311926605505,326,Not Churned
False,220.7,105,119.3,4,no,no,0,0.0113314447592068,352,Not Churned
True,224.7,69,134.5,1,no,yes,31,0.0038461538461538464,259,Churned
False,147.0,79,162.3,1,no,no,0,0.003745318352059925,266,Not Churned
False,260.8,130,213.4,1,no,yes,39,0.0029069767441860465,343,Not Churned
False,155.4,127,164.1,0,no,no,0,0.0,303,Not Churned
False,166.2,112,255.3,1,no,no,0,0.003355704697986577,297,Not Churned
False,211.8,115,260.5,0,no,no,0,0.0,320,Not Churned
True,130.5,114,208.4,4,no,yes,45,0.012195121951219513,327,Churned
False,162.7,102,292.0,0,no,no,0,0.0,293,Not Churned
False,237.1,76,264.2,1,yes,yes,37,0.003076923076923077,324,Not Churned
False,166.2,102,217.6,4,no,no,0,0.014035087719298246,284,Not Churned
True,121.7,48,125.8,6,no,no,0,0.021052631578947368,284,Churned
False,176.4,62,201.0,0,no,no,0,0.0,326,Not Churned
False,67.4,116,244.0,2,no,yes,27,0.006896551724137931,289,Not Churned
True,229.7,129,336.0,1,no,no,0,0.0027548209366391185,362,Churned
False,176.0,118,277.9,1,no,yes,24,0.003194888178913738,312,Not Churned
True,247.7,77,269.5,0,no,no,0,0.0,274,Churned
False,115.4,90,262.6,2,no,no,0,0.008583690987124463,232,Not Churned
True,112.2,95,209.6,0,no,no,0,0.0,282,Churned
False,162.6,138,154.0,0,no,no,0,0.0,369,Not Churned
False,229.4,107,214.1,4,no,no,0,0.012987012987012988,307,Not Churned
False,139.6,96,124.2,2,no,no,0,0.007434944237918215,268,Not Churned
True,263.8,66,251.3,5,no,no,0,0.016835016835016835,296,Churned
False,217.5,123,233.7,4,no,yes,46,0.012903225806451613,309,Not Churned
False,114.3,132,199.8,1,no,yes,14,0.0032679738562091504,305,Not Churned
False,196.3,108,136.8,2,no,no,0,0.006779661016949152,294,Not Churned
False,253.2,95,188.0,1,no,no,0,0.0028653295128939827,348,Not Churned
False,98.0,99,240.7,0,no,no,0,0.0,288,Not Churned
False,249.4,118,211.5,0,no,no,0,0.0,332,Not Churned
False,129.6,107,233.0,1,no,yes,30,0.0032258064516129032,309,Not Churned
False,221.3,106,267.6,0,no,no,0,0.0,291,Not Churned
False,220.7,106,177.8,1,no,no,0,0.002976190476190476,335,Not Churned
False,87.6,76,262.0,1,no,no,0,0.0031446540880503146,317,Not Churned
False,203.6,61,161.7,0,no,no,0,0.0,288,Not Churned
False,213.6,110,234.9,2,no,no,0,0.00510204081632653,391,Not Churned
False,181.6,112,220.7,2,no,yes,31,0.005917159763313609,337,Not Churned
False,215.4,123,328.7,1,no,yes,22,0.0031545741324921135,316,Not Churned
True,266.3,90,207.8,2,no,no,0,0.006493506493506494,307,Churned
False,199.2,111,175.1,3,no,no,0,0.010676156583629894,280,Not Churned
False,115.0,130,137.8,3,no,no,0,0.010752688172043012,278,Not Churned
True,270.5,69,230.0,1,no,no,0,0.003355704697986577,297,Churned
False,222.2,127,153.1,1,no,no,0,0.002967359050445104,336,Not Churned
False,61.9,78,262.6,3,no,no,0,0.009836065573770493,304,Not Churned
False,141.1,92,249.1,2,no,no,0,0.006802721088435374,293,Not Churned
True,189.2,81,184.4,3,no,no,0,0.010452961672473868,286,Churned
False,196.0,135,186.0,3,no,no,0,0.008,374,Not Churned
False,171.6,119,205.0,0,no,no,0,0.0,344,Not Churned
False,174.0,123,161.3,2,yes,no,0,0.0058823529411764705,339,Not Churned
True,78.6,106,187.3,1,no,no,0,0.003003003003003003,332,Churned
False,200.9,92,164.3,1,no,no,0,0.0034602076124567475,288,Not Churned
False,141.3,123,253.6,1,no,no,0,0.003236245954692557,308,Not Churned
False,235.8,130,176.0,2,no,no,0,0.006191950464396285,322,Not Churned
False,185.1,100,165.1,3,no,no,0,0.010101010101010102,296,Not Churned
False,254.3,113,78.9,2,no,no,0,0.006920415224913495,288,Not Churned
False,183.0,103,214.8,2,no,no,0,0.007692307692307693,259,Not Churned
False,163.5,80,274.8,2,no,yes,29,0.005420054200542005,368,Not Churned
False,207.9,98,210.5,2,no,no,0,0.006430868167202572,310,Not Churned
False,248.6,102,174.9,3,no,no,0,0.010526315789473684,284,Not Churned
False,185.4,105,197.6,2,no,yes,31,0.005780346820809248,345,Not Churned
False,197.8,60,221.0,1,no,no,0,0.003787878787878788,263,Not Churned
True,132.1,42,138.9,2,yes,no,0,0.00796812749003984,250,Churned
False,197.1,117,227.8,0,no,no,0,0.0,357,Not Churned
False,154.6,112,184.2,2,no,no,0,0.006153846153846154,324,Not Churned
True,153.1,115,185.9,6,no,yes,31,0.02158273381294964,277,Churned
False,211.2,119,231.1,2,no,no,0,0.0060790273556231,328,Not Churned
True,96.8,92,142.6,2,no,no,0,0.006329113924050633,315,Churned
False,172.0,145,276.4,1,no,no,0,0.0028089887640449437,355,Not Churned
False,141.1,91,147.2,2,no,no,0,0.0072992700729927005,273,Not Churned
False,151.1,121,244.7,2,no,yes,29,0.006600660066006601,302,Not Churned
False,209.6,107,228.8,3,no,no,0,0.010309278350515464,290,Not Churned
False,247.0,109,125.6,3,no,yes,32,0.010169491525423728,294,Not Churned
False,221.4,114,165.8,1,no,yes,30,0.0028735632183908046,347,Not Churned
True,321.3,99,167.9,1,no,no,0,0.0033003300330033004,302,Churned
False,243.7,124,60.0,0,no,no,0,0.0,345,Not Churned
False,251.5,85,214.2,3,no,no,0,0.011494252873563218,260,Not Churned
True,236.9,107,157.6,0,yes,no,0,0.0,334,Churned
False,159.7,79,216.7,2,no,no,0,0.006060606060606061,329,Not Churned
True,148.2,96,220.4,4,yes,no,0,0.013071895424836602,305,Churned
False,150.9,86,268.6,1,no,no,0,0.0034482758620689655,289,Not Churned
False,210.5,101,250.5,1,no,yes,28,0.0031746031746031746,314,Not Churned
False,170.9,71,201.4,2,no,yes,24,0.0071174377224199285,280,Not Churned
False,254.7,80,90.2,0,no,no,0,0.0,227,Not Churned
True,284.4,89,157.0,0,no,no,0,0.0,301,Churned
True,0.0,0,159.6,4,no,no,0,0.01818181818181818,219,Churned
True,133.7,45,187.8,1,yes,no,0,0.004098360655737705,243,Churned
False,224.9,117,191.9,0,no,no,0,0.0,344,Not Churned
False,151.8,98,209.9,1,no,no,0,0.0035460992907801418,281,Not Churned
False,141.4,107,163.0,2,no,yes,22,0.006349206349206349,314,Not Churned
True,285.7,124,230.9,0,no,no,0,0.0,377,Churned
False,58.4,121,262.2,1,no,no,0,0.0032679738562091504,305,Not Churned
False,90.4,105,201.3,0,no,yes,16,0.0,333,Not Churned
False,114.4,91,216.6,0,no,no,0,0.0,319,Not Churned
False,147.7,103,222.7,2,no,no,0,0.006968641114982578,286,Not Churned
False,302.7,93,240.5,3,no,yes,31,0.00909090909090909,329,Not Churned
False,136.1,120,204.2,1,no,no,0,0.0031446540880503146,317,Not Churned
False,169.7,84,165.9,3,no,no,0,0.011538461538461539,259,Not Churned
False,227.2,89,194.4,0,no,no,0,0.0,323,Not Churned
True,217.8,91,220.6,1,no,no,0,0.0035211267605633804,283,Churned
False,124.2,102,123.9,2,no,no,0,0.006134969325153374,325,Not Churned
False,206.2,76,232.4,1,no,no,0,0.00398406374501992,250,Not Churned
False,132.9,122,67.0,3,no,no,0,0.00974025974025974,307,Not Churned
False,104.9,115,237.6,3,no,yes,31,0.008547008547008548,350,Not Churned
True,245.0,97,250.7,1,no,no,0,0.003278688524590164,304,Churned
False,184.5,118,224.0,1,no,no,0,0.0033444816053511705,298,Not Churned
False,89.5,66,179.3,3,no,no,0,0.010416666666666666,287,Not Churned
False,235.6,131,194.8,1,yes,no,0,0.002976190476190476,335,Not Churned
False,186.0,127,262.3,4,no,no,0,0.013651877133105802,292,Not Churned
False,223.9,75,155.7,1,no,no,0,0.002967359050445104,336,Not Churned
False,179.5,125,162.3,1,no,no,0,0.0025,399,Not Churned
False,169.4,102,253.5,1,no,no,0,0.0031847133757961785,313,Not Churned
False,118.1,90,144.3,1,no,no,0,0.0038461538461538464,259,Not Churned
True,112.0,105,193.7,4,no,no,0,0.012779552715654952,312,Churned
False,168.4,129,225.9,0,no,yes,32,0.0,328,Not Churned
False,214.3,112,188.2,0,no,yes,42,0.0,346,Not Churned
True,245.7,139,241.9,4,no,no,0,0.010666666666666666,374,Churned
False,156.6,134,71.0,1,no,yes,34,0.002777777777777778,359,Not Churned
False,142.8,96,272.3,1,yes,yes,43,0.0032679738562091504,305,Not Churned
False,202.4,115,230.7,3,no,no,0,0.008333333333333333,359,Not Churned
False,116.8,119,123.1,1,no,no,0,0.002890173410404624,345,Not Churned
False,155.7,110,260.3,1,no,no,0,0.003194888178913738,312,Not Churned
False,236.1,107,289.2,2,no,yes,39,0.0060790273556231,328,Not Churned
False,138.1,113,260.1,2,no,yes,21,0.006309148264984227,316,Not Churned
False,51.9,108,162.0,3,no,no,0,0.00967741935483871,309,Not Churned
False,81.3,116,220.6,0,no,no,0,0.0,356,Not Churned
False,171.5,98,153.1,0,no,yes,35,0.0,353,Not Churned
False,126.0,96,144.3,1,no,no,0,0.0035460992907801418,281,Not Churned
False,197.2,127,156.0,4,yes,no,0,0.012307692307692308,324,Not Churned
False,194.1,62,227.2,1,no,no,0,0.00423728813559322,235,Not Churned
False,115.7,105,127.8,1,no,no,0,0.0031645569620253164,315,Not Churned
False,157.2,118,196.3,3,no,yes,29,0.008130081300813009,368,Not Churned
True,269.7,85,207.6,3,no,no,0,0.01020408163265306,293,Churned
False,246.4,107,228.1,0,no,no,0,0.0,334,Not Churned
False,227.4,121,268.5,1,no,no,0,0.003367003367003367,296,Not Churned
False,189.8,110,115.5,0,no,no,0,0.0,300,Not Churned
False,188.9,124,160.9,4,yes,yes,27,0.012048192771084338,331,Not Churned
False,0.0,0,192.1,1,no,no,0,0.0045662100456621,218,Not Churned
False,110.5,87,227.8,1,no,yes,19,0.003663003663003663,272,Not Churned
False,167.6,116,219.2,4,no,no,0,0.012307692307692308,324,Not Churned
False,132.0,90,197.5,3,no,no,0,0.010714285714285714,279,Not Churned
False,167.8,88,247.9,0,no,no,0,0.0,281,Not Churned
False,213.4,86,204.7,1,no,no,0,0.0037174721189591076,268,Not Churned
False,175.4,120,98.3,0,no,no,0,0.0,285,Not Churned
False,82.6,113,224.4,3,no,yes,39,0.011278195488721804,265,Not Churned
True,143.2,80,88.1,4,no,no,0,0.012618296529968454,316,Churned
False,125.5,139,269.8,1,no,no,0,0.002849002849002849,350,Not Churned
True,82.3,105,256.1,6,no,yes,31,0.020202020202020204,296,Churned
False,165.6,104,195.9,1,no,no,0,0.0033333333333333335,299,Not Churned
False,183.1,95,232.6,0,no,yes,30,0.0,317,Not Churned
False,162.1,91,212.1,1,no,no,0,0.0037174721189591076,268,Not Churned
False,166.6,84,192.4,1,no,no,0,0.003367003367003367,296,Not Churned
False,135.9,60,233.2,1,no,yes,24,0.003787878787878788,263,Not Churned
False,165.7,78,215.6,0,no,yes,20,0.0,269,Not Churned
False,176.1,90,174.9,1,no,no,0,0.0029850746268656717,334,Not Churned
False,142.3,89,204.5,0,no,no,0,0.0,299,Not Churned
False,177.6,121,296.8,3,no,no,0,0.009287925696594427,322,Not Churned
False,83.2,74,190.6,1,no,no,0,0.0037735849056603774,264,Not Churned
False,235.0,101,183.3,2,yes,yes,37,0.006802721088435374,293,Not Churned
False,105.7,95,141.8,2,no,no,0,0.006389776357827476,312,Not Churned
True,149.4,68,171.9,3,yes,no,0,0.011235955056179775,266,Churned
False,264.7,81,216.5,0,no,yes,20,0.0,300,Not Churned
False,160.3,45,221.5,1,no,yes,31,0.004424778761061947,225,Not Churned
False,95.9,117,159.5,1,yes,yes,28,0.0026041666666666665,383,Not Churned
False,140.7,77,195.2,0,no,no,0,0.0,303,Not Churned
False,119.7,148,231.8,2,no,no,0,0.005555555555555556,359,Not Churned
False,99.9,84,263.5,2,no,yes,30,0.006514657980456026,306,Not Churned
False,250.9,108,171.4,2,no,no,0,0.006666666666666667,299,Not Churned
False,200.6,117,289.5,2,yes,no,0,0.005917159763313609,337,Not Churned
False,209.8,130,196.6,1,no,yes,38,0.0033222591362126247,300,Not Churned
False,198.0,70,273.7,1,no,yes,34,0.003745318352059925,266,Not Churned
False,239.8,107,128.9,1,no,no,0,0.0029069767441860465,343,Not Churned
False,164.5,75,147.9,0,no,no,0,0.0,292,Not Churned
False,220.9,107,192.2,1,no,no,0,0.0035587188612099642,280,Not Churned
False,112.8,150,243.9,2,no,yes,37,0.00546448087431694,365,Not Churned
True,112.6,114,261.7,0,yes,yes,19,0.0,364,Churned
False,226.4,117,234.7,1,no,yes,26,0.003289473684210526,303,Not Churned
False,244.9,118,219.6,4,yes,yes,34,0.01092896174863388,365,Not Churned
False,203.2,99,235.8,2,no,no,0,0.0057306590257879654,348,Not Churned
False,136.7,115,243.1,0,no,no,0,0.0,366,Not Churned
False,152.6,97,208.9,1,no,no,0,0.003424657534246575,291,Not Churned
False,274.9,102,186.6,1,no,yes,47,0.002890173410404624,345,Not Churned
True,195.7,116,209.1,1,no,no,0,0.0035714285714285713,279,Churned
False,204.3,82,188.8,1,yes,no,0,0.0033112582781456954,301,Not Churned
False,222.3,99,146.2,3,no,no,0,0.011194029850746268,267,Not Churned
False,222.5,104,171.5,1,no,yes,8,0.0031746031746031746,314,Not Churned
False,128.8,104,157.3,2,no,yes,28,0.00851063829787234,234,Not Churned
False,174.3,105,171.3,0,no,no,0,0.0,345,Not Churned
False,242.5,110,162.3,4,no,no,0,0.011764705882352941,339,Not Churned
False,221.6,101,285.2,4,no,no,0,0.016597510373443983,240,Not Churned
False,114.3,100,221.1,0,no,no,0,0.0,300,Not Churned
False,219.7,137,186.8,2,no,yes,33,0.005763688760806916,346,Not Churned
False,144.9,136,151.3,2,no,no,0,0.006097560975609756,327,Not Churned
False,236.5,111,117.0,2,no,yes,40,0.0058823529411764705,339,Not Churned
True,174.0,80,209.4,2,no,yes,44,0.006944444444444444,287,Churned
False,109.5,95,332.1,1,no,no,0,0.003861003861003861,258,Not Churned
False,81.6,120,235.6,1,no,yes,33,0.0030959752321981426,322,Not Churned
False,133.4,113,121.0,1,no,no,0,0.0029498525073746312,338,Not Churned
False,137.1,94,209.8,1,no,no,0,0.0033783783783783786,295,Not Churned
False,197.0,88,190.4,0,no,no,0,0.0,268,Not Churned
False,198.1,160,156.7,3,no,no,0,0.009174311926605505,326,Not Churned
False,39.5,78,264.3,0,no,no,0,0.0,280,Not Churned
False,199.5,107,207.5,2,no,no,0,0.005797101449275362,344,Not Churned
False,156.8,93,215.8,1,no,no,0,0.004081632653061225,244,Not Churned
False,183.4,85,237.6,3,no,no,0,0.010526315789473684,284,Not Churned
False,132.4,120,121.6,1,no,no,0,0.003246753246753247,307,Not Churned
False,63.2,108,220.2,0,no,no,0,0.0,298,Not Churned
True,181.1,59,215.9,0,yes,yes,35,0.0,285,Churned
False,117.5,102,206.8,3,no,yes,27,0.008547008547008548,350,Not Churned
False,218.7,79,163.4,0,no,yes,27,0.0,274,Not Churned
False,207.3,95,137.3,1,no,yes,41,0.0034129692832764505,292,Not Churned
False,150.6,99,301.5,0,no,no,0,0.0,291,Not Churned
True,273.3,66,263.6,1,yes,no,0,0.0035842293906810036,278,Churned
False,266.1,120,182.0,1,yes,no,0,0.003125,319,Not Churned
False,112.8,89,156.7,0,no,no,0,0.0,245,Not Churned
False,104.7,112,82.2,3,no,no,0,0.008982035928143712,333,Not Churned
False,193.8,62,197.6,0,no,yes,35,0.0,258,Not Churned
False,168.6,102,298.0,1,no,no,0,0.0029850746268656717,334,Not Churned
False,253.2,122,201.0,2,no,no,0,0.006329113924050633,315,Not Churned
False,174.7,92,232.1,1,no,yes,16,0.003355704697986577,297,Not Churned
False,87.0,102,193.6,0,no,no,0,0.0,291,Not Churned
False,204.5,79,132.8,2,no,yes,34,0.006269592476489028,318,Not Churned
False,226.5,93,152.1,3,no,no,0,0.009433962264150943,317,Not Churned
False,234.1,91,163.1,1,yes,no,0,0.0033333333333333335,299,Not Churned
True,133.3,106,182.9,3,yes,no,0,0.009345794392523364,320,Churned
False,133.9,87,166.4,1,no,no,0,0.0029411764705882353,339,Not Churned
False,160.2,104,138.9,0,no,no,0,0.0,273,Not Churned
False,230.6,94,224.1,0,no,yes,44,0.0,275,Not Churned
False,227.4,84,176.0,2,no,no,0,0.006896551724137931,289,Not Churned
False,72.8,120,267.1,2,no,no,0,0.005988023952095809,333,Not Churned
False,196.1,107,296.5,1,no,no,0,0.0035335689045936395,282,Not Churned
False,197.1,110,165.9,1,no,no,0,0.0029850746268656717,334,Not Churned
False,219.6,126,303.3,1,no,no,0,0.003367003367003367,296,Not Churned
True,153.4,90,151.4,4,no,yes,30,0.01384083044982699,288,Churned
False,216.0,85,186.9,2,no,no,0,0.006269592476489028,318,Not Churned
False,222.9,136,262.0,0,no,yes,32,0.0,321,Not Churned
False,115.9,120,236.6,3,no,yes,36,0.009615384615384616,311,Not Churned
False,189.8,101,147.7,1,no,no,0,0.003246753246753247,307,Not Churned
False,154.7,102,298.0,0,no,no,0,0.0,308,Not Churned
False,136.4,104,202.5,3,no,no,0,0.009933774834437087,301,Not Churned
False,170.5,86,277.5,1,no,no,0,0.003355704697986577,297,Not Churned
False,272.4,88,107.9,0,no,no,0,0.0,296,Not Churned
False,210.0,116,232.7,8,no,yes,40,0.02631578947368421,303,Not Churned
False,236.5,94,163.1,2,yes,yes,17,0.006472491909385114,308,Not Churned
False,153.9,117,220.1,2,no,no,0,0.005128205128205128,389,Not Churned
False,223.0,120,227.0,1,no,no,0,0.0028653295128939827,348,Not Churned
False,252.4,74,167.9,2,no,no,0,0.007434944237918215,268,Not Churned
False,197.9,84,168.1,1,no,no,0,0.0028653295128939827,348,Not Churned
False,152.4,74,274.6,3,no,no,0,0.010416666666666666,287,Not Churned
False,237.4,105,175.9,3,no,yes,40,0.009615384615384616,311,Not Churned
False,265.6,82,180.7,1,no,no,0,0.003663003663003663,272,Not Churned
False,197.3,91,305.8,1,no,no,0,0.0035211267605633804,283,Not Churned
False,199.1,100,221.8,1,no,yes,14,0.0033783783783783786,295,Not Churned
False,233.7,114,207.9,2,no,no,0,0.0061162079510703364,326,Not Churned
False,183.1,99,160.1,1,no,no,0,0.0030211480362537764,330,Not Churned
False,139.4,96,143.4,2,no,no,0,0.006309148264984227,316,Not Churned
True,213.9,112,260.5,1,no,no,0,0.003194888178913738,312,Churned
False,207.1,70,200.1,1,no,no,0,0.003472222222222222,287,Not Churned
False,139.7,78,202.6,2,no,no,0,0.006557377049180328,304,Not Churned
False,177.2,91,228.7,2,no,no,0,0.006389776357827476,312,Not Churned
False,169.8,136,173.7,2,no,yes,35,0.005714285714285714,349,Not Churned
False,173.5,83,244.3,3,no,no,0,0.013824884792626729,216,Not Churned
False,159.9,100,172.2,1,no,no,0,0.003194888178913738,312,Not Churned
False,115.1,89,196.8,2,no,no,0,0.006622516556291391,301,Not Churned
False,136.8,113,179.5,2,no,yes,19,0.006309148264984227,316,Not Churned
False,92.2,108,211.2,1,no,no,0,0.003246753246753247,307,Not Churned
False,243.9,112,133.0,2,no,yes,23,0.0056657223796034,352,Not Churned
False,117.1,94,235.4,0,no,no,0,0.0,321,Not Churned
True,223.3,99,167.1,0,no,no,0,0.0,315,Churned
False,154.8,111,171.5,3,no,no,0,0.009933774834437087,301,Not Churned
True,261.4,141,215.7,1,no,no,0,0.002890173410404624,345,Churned
True,46.5,104,186.0,4,yes,no,0,0.012578616352201259,317,Churned
True,149.9,84,170.9,0,no,yes,18,0.0,287,Churned
True,242.2,102,226.1,2,yes,no,0,0.007042253521126761,283,Churned
True,259.4,99,172.7,1,no,no,0,0.003236245954692557,308,Churned
False,222.4,102,185.8,2,no,no,0,0.0071174377224199285,280,Not Churned
False,69.4,79,190.8,0,no,no,0,0.0,295,Not Churned
True,156.5,122,209.2,4,yes,yes,21,0.012048192771084338,331,Churned
True,61.2,111,92.3,5,no,no,0,0.015772870662460567,316,Churned
False,245.2,112,101.5,0,yes,no,0,0.0,334,Not Churned
False,102.3,100,135.2,3,no,no,0,0.00974025974025974,307,Not Churned
False,230.9,92,167.6,3,no,yes,36,0.009836065573770493,304,Not Churned
False,227.4,105,211.5,0,yes,no,0,0.0,341,Not Churned
False,192.8,68,158.0,1,no,no,0,0.0037593984962406013,265,Not Churned
False,162.6,98,206.2,1,no,no,0,0.0036231884057971015,275,Not Churned
False,219.4,92,180.5,2,no,yes,38,0.007751937984496124,257,Not Churned
False,137.2,111,165.9,1,no,no,0,0.003257328990228013,306,Not Churned
False,87.7,103,278.2,1,no,no,0,0.003289473684210526,303,Not Churned
False,271.1,80,172.0,1,no,no,0,0.0030864197530864196,323,Not Churned
False,103.4,94,189.3,1,no,no,0,0.0028735632183908046,347,Not Churned
False,52.2,106,220.1,2,no,no,0,0.006309148264984227,316,Not Churned
True,165.4,106,273.7,0,no,no,0,0.0,311,Churned
False,147.5,110,191.7,2,no,no,0,0.007168458781362007,278,Not Churned
False,217.8,93,214.7,0,no,no,0,0.0,265,Not Churned
False,235.7,79,136.9,1,no,no,0,0.003676470588235294,271,Not Churned
False,204.5,92,139.6,2,no,yes,22,0.006211180124223602,321,Not Churned
False,178.4,143,247.0,0,no,no,0,0.0,373,Not Churned
False,130.1,68,247.2,2,no,yes,32,0.008403361344537815,237,Not Churned
False,103.7,100,236.3,2,no,yes,34,0.007017543859649123,284,Not Churned
False,239.9,91,177.1,2,no,no,0,0.006309148264984227,316,Not Churned
False,148.4,110,267.1,0,no,no,0,0.0,305,Not Churned
False,148.6,106,210.8,2,no,no,0,0.007692307692307693,259,Not Churned
False,191.1,69,129.2,0,no,no,0,0.0,300,Not Churned
False,218.5,76,112.7,1,no,yes,39,0.0033783783783783786,295,Not Churned
False,97.5,95,195.8,1,no,no,0,0.00390625,255,Not Churned
False,128.7,126,117.6,0,no,no,0,0.0,357,Not Churned
False,236.6,69,197.5,2,no,yes,38,0.008,249,Not Churned
False,85.9,113,226.7,0,no,no,0,0.0,330,Not Churned
False,141.2,96,167.7,1,no,yes,27,0.003401360544217687,293,Not Churned
False,194.4,104,176.0,0,no,yes,31,0.0,301,Not Churned
False,167.6,100,154.5,2,no,no,0,0.006644518272425249,300,Not Churned
False,234.5,134,164.2,1,no,no,0,0.003278688524590164,304,Not Churned
False,154.2,78,196.7,1,no,no,0,0.003703703703703704,269,Not Churned
False,143.2,99,169.9,1,no,yes,14,0.0037174721189591076,268,Not Churned
False,216.4,80,249.7,1,yes,yes,40,0.0036496350364963502,273,Not Churned
False,161.9,85,151.2,1,no,yes,35,0.0033222591362126247,300,Not Churned
False,118.7,90,205.1,3,no,no,0,0.011811023622047244,253,Not Churned
False,179.1,123,196.6,1,no,no,0,0.002617801047120419,381,Not Churned
False,147.9,97,209.3,2,no,no,0,0.0070921985815602835,281,Not Churned
False,209.2,110,116.6,2,no,yes,38,0.006825938566552901,292,Not Churned
False,244.3,140,322.3,0,no,yes,29,0.0,318,Not Churned
False,175.3,96,262.3,1,no,yes,34,0.0032679738562091504,305,Not Churned
False,150.5,92,120.3,1,no,no,0,0.0034965034965034965,285,Not Churned
False,197.4,73,295.7,0,no,yes,25,0.0,261,Not Churned
False,163.5,136,143.7,1,no,no,0,0.0029850746268656717,334,Not Churned
True,236.9,93,197.7,2,no,no,0,0.00684931506849315,291,Churned
False,82.3,77,167.2,1,no,no,0,0.004310344827586207,231,Not Churned
False,216.0,111,153.7,1,no,no,0,0.003278688524590164,304,Not Churned
False,180.0,119,198.8,1,yes,no,0,0.003134796238244514,318,Not Churned
False,143.7,55,173.1,1,no,no,0,0.0037735849056603774,264,Not Churned
False,198.2,107,280.4,1,no,yes,39,0.003125,319,Not Churned
False,185.6,106,219.7,2,no,yes,29,0.005797101449275362,344,Not Churned
False,137.6,108,162.0,3,no,no,0,0.009230769230769232,324,Not Churned
True,273.9,119,278.6,1,yes,no,0,0.003125,319,Churned
False,125.3,92,141.2,3,no,yes,31,0.01107011070110701,270,Not Churned
False,178.8,102,167.9,3,no,no,0,0.01171875,255,Not Churned
False,214.9,86,198.2,0,no,yes,49,0.0,319,Not Churned
False,163.0,93,203.9,2,no,no,0,0.006472491909385114,308,Not Churned
False,163.8,77,134.9,2,no,yes,29,0.006968641114982578,286,Not Churned
False,189.5,113,204.9,1,no,no,0,0.0032258064516129032,309,Not Churned
False,155.2,110,230.9,0,no,yes,26,0.0,347,Not Churned
True,242.3,102,350.9,0,yes,no,0,0.0,300,Churned
False,254.1,127,180.2,3,yes,yes,44,0.008130081300813009,368,Not Churned
False,112.0,90,208.0,2,no,yes,33,0.006896551724137931,289,Not Churned
False,115.5,73,267.3,3,no,no,0,0.011904761904761904,251,Not Churned
False,137.1,102,210.8,1,no,no,0,0.002932551319648094,340,Not Churned
False,198.4,113,235.9,0,no,no,0,0.0,359,Not Churned
False,132.7,94,204.6,3,no,yes,19,0.010676156583629894,280,Not Churned
False,219.6,99,210.4,2,no,yes,25,0.006779661016949152,294,Not Churned
False,169.6,96,234.7,0,no,no,0,0.0,295,Not Churned
False,160.4,73,293.9,4,yes,no,0,0.014705882352941176,271,Not Churned
False,95.0,89,167.9,0,no,yes,20,0.0,262,Not Churned
False,160.1,87,256.7,2,no,no,0,0.006329113924050633,315,Not Churned
False,194.6,114,232.8,3,no,no,0,0.009523809523809525,314,Not Churned
True,236.4,73,287.3,1,no,no,0,0.003424657534246575,291,Churned
False,157.1,95,213.1,2,no,no,0,0.009433962264150943,211,Not Churned
False,179.8,125,173.2,0,no,no,0,0.0,312,Not Churned
False,148.2,108,161.8,0,yes,no,0,0.0,328,Not Churned
False,183.2,103,209.4,1,no,yes,39,0.0030303030303030303,329,Not Churned
True,119.2,88,168.3,4,no,no,0,0.012345679012345678,323,Churned
False,224.0,102,192.0,0,no,yes,35,0.0,303,Not Churned
False,19.5,149,140.9,0,no,yes,21,0.0,370,Not Churned
False,184.8,83,248.6,1,no,no,0,0.0032679738562091504,305,Not Churned
False,176.3,140,201.0,1,no,no,0,0.002680965147453083,372,Not Churned
False,241.7,115,168.5,2,no,no,0,0.005361930294906166,372,Not Churned
False,224.7,121,294.0,0,no,yes,38,0.0,319,Not Churned
False,207.3,115,198.4,1,no,no,0,0.0035087719298245615,284,Not Churned
False,196.8,81,168.0,2,no,no,0,0.006734006734006734,296,Not Churned
False,110.9,74,115.6,1,no,no,0,0.003472222222222222,287,Not Churned
False,122.5,145,273.3,2,no,no,0,0.006191950464396285,322,Not Churned
False,226.9,144,201.6,2,no,no,0,0.005089058524173028,392,Not Churned
False,187.0,65,141.4,2,no,no,0,0.0064516129032258064,309,Not Churned
False,170.5,113,193.2,0,no,no,0,0.0,339,Not Churned
False,204.8,101,161.0,0,no,no,0,0.0,273,Not Churned
False,165.9,114,235.9,2,no,no,0,0.005934718100890208,336,Not Churned
True,154.0,133,198.9,4,no,no,0,0.0111731843575419,357,Churned
False,158.1,104,322.2,1,no,yes,29,0.003472222222222222,287,Not Churned
False,225.2,93,215.1,2,no,no,0,0.006430868167202572,310,Not Churned
True,159.4,79,179.5,6,no,no,0,0.024896265560165973,240,Churned
False,172.7,95,139.1,2,no,no,0,0.006993006993006993,285,Not Churned
False,222.8,99,175.8,3,no,no,0,0.010033444816053512,298,Not Churned
False,214.1,77,240.5,1,yes,no,0,0.004,249,Not Churned
False,54.8,92,173.0,1,no,no,0,0.0030864197530864196,323,Not Churned
False,134.0,104,174.5,3,no,no,0,0.010676156583629894,280,Not Churned
False,184.8,74,175.1,1,no,no,0,0.0038461538461538464,259,Not Churned
False,283.1,112,286.2,3,no,yes,36,0.00906344410876133,330,Not Churned
True,291.8,143,214.3,0,no,no,0,0.0,398,Churned
False,222.7,94,105.8,1,no,no,0,0.0036363636363636364,274,Not Churned
False,174.5,79,236.8,0,no,no,0,0.0,330,Not Churned
False,68.4,86,193.3,0,no,no,0,0.0,339,Not Churned
False,273.0,78,215.5,1,no,yes,31,0.0034129692832764505,292,Not Churned
True,225.3,134,108.2,1,yes,no,0,0.0027548209366391185,362,Churned
False,283.2,130,162.6,1,no,yes,23,0.0031746031746031746,314,Not Churned
True,131.4,78,219.7,1,yes,no,0,0.0034482758620689655,289,Churned
False,89.7,87,138.6,1,no,yes,12,0.0036101083032490976,276,Not Churned
False,127.1,102,247.7,3,no,no,0,0.010452961672473868,286,Not Churned
False,105.9,132,231.7,1,no,yes,28,0.0027397260273972603,364,Not Churned
False,142.3,79,158.0,2,no,no,0,0.007168458781362007,278,Not Churned
False,191.3,80,138.5,2,no,no,0,0.007017543859649123,284,Not Churned
False,201.9,93,156.3,0,no,yes,36,0.0,265,Not Churned
False,247.3,91,182.7,3,no,no,0,0.011278195488721804,265,Not Churned
False,242.2,96,159.7,1,no,yes,38,0.002857142857142857,349,Not Churned
True,127.3,80,222.3,5,yes,no,0,0.016891891891891893,295,Churned
False,162.0,104,241.2,1,no,no,0,0.0031746031746031746,314,Not Churned
False,179.1,93,238.3,2,no,yes,33,0.006825938566552901,292,Not Churned
False,197.4,125,123.4,3,no,yes,31,0.008797653958944282,340,Not Churned
False,148.2,82,308.7,2,no,no,0,0.008583690987124463,232,Not Churned
False,193.1,85,172.1,0,no,no,0,0.0,310,Not Churned
False,171.7,99,174.8,1,no,no,0,0.0030959752321981426,322,Not Churned
False,198.5,123,270.6,1,no,yes,35,0.0029585798816568047,337,Not Churned
False,121.7,87,184.0,1,no,yes,24,0.0037735849056603774,264,Not Churned
False,130.2,105,278.0,2,no,no,0,0.008130081300813009,245,Not Churned
False,203.4,96,168.6,2,no,no,0,0.007518796992481203,265,Not Churned
False,174.7,83,280.8,5,no,no,0,0.017006802721088437,293,Not Churned
True,241.0,120,231.8,1,yes,no,0,0.0035087719298245615,284,Churned
False,141.7,95,221.0,0,no,no,0,0.0,269,Not Churned
False,134.8,96,167.2,2,no,no,0,0.006600660066006601,302,Not Churned
False,163.1,119,249.4,1,no,no,0,0.003875968992248062,257,Not Churned
False,145.5,116,228.4,1,no,no,0,0.003067484662576687,325,Not Churned
True,329.8,73,208.3,0,no,no,0,0.0,301,Churned
False,194.5,97,186.3,2,no,no,0,0.005952380952380952,335,Not Churned
False,131.9,93,272.7,1,no,no,0,0.003236245954692557,308,Not Churned
False,150.0,91,159.4,1,no,yes,29,0.0044444444444444444,224,Not Churned
False,196.6,93,241.4,2,no,yes,30,0.0056179775280898875,355,Not Churned
False,99.7,107,145.1,2,no,no,0,0.006514657980456026,306,Not Churned
False,143.6,88,141.8,3,no,no,0,0.011406844106463879,262,Not Churned
False,231.9,56,211.8,2,no,yes,40,0.008888888888888889,224,Not Churned
False,37.8,80,155.3,3,no,no,0,0.009933774834437087,301,Not Churned
False,72.8,107,186.4,3,no,no,0,0.009230769230769232,324,Not Churned
False,94.8,89,219.1,1,no,yes,39,0.00398406374501992,250,Not Churned
False,221.8,143,210.6,1,no,yes,15,0.002652519893899204,376,Not Churned
True,269.0,120,233.7,2,no,no,0,0.006535947712418301,305,Churned
True,268.3,114,185.5,1,no,no,0,0.003115264797507788,320,Churned
False,198.7,127,249.0,1,no,yes,27,0.0027624309392265192,361,Not Churned
True,115.5,75,218.1,7,no,no,0,0.023972602739726026,291,Churned
False,202.1,100,195.7,2,no,no,0,0.006097560975609756,327,Not Churned
False,215.6,113,200.6,1,no,no,0,0.003246753246753247,307,Not Churned
False,169.9,107,209.4,1,no,no,0,0.0032258064516129032,309,Not Churned
False,201.7,85,169.4,0,no,no,0,0.0,285,Not Churned
False,221.1,133,160.2,4,no,no,0,0.0110803324099723,360,Not Churned
False,218.7,117,115.0,2,no,yes,32,0.007434944237918215,268,Not Churned
True,293.7,89,272.5,2,no,no,0,0.008097165991902834,246,Churned
True,120.3,108,240.4,4,no,no,0,0.014814814814814815,269,Churned
False,175.8,96,206.6,2,no,yes,26,0.006944444444444444,287,Not Churned
True,278.5,95,240.7,1,no,no,0,0.0035587188612099642,280,Churned
False,236.3,105,190.8,3,no,yes,29,0.009174311926605505,326,Not Churned
False,273.8,113,119.6,1,no,no,0,0.002564102564102564,389,Not Churned
True,131.1,129,160.5,5,no,no,0,0.01557632398753894,320,Churned
False,167.4,83,258.6,4,no,yes,23,0.012269938650306749,325,Not Churned
False,197.7,68,250.5,3,no,no,0,0.015625,191,Not Churned
False,169.5,93,230.9,2,no,no,0,0.006968641114982578,286,Not Churned
False,225.2,116,173.4,0,yes,yes,17,0.0,307,Not Churned
False,174.5,73,213.7,4,no,no,0,0.012944983818770227,308,Not Churned
True,129.7,84,177.5,5,no,no,0,0.0196078431372549,254,Churned
False,200.0,66,107.9,3,no,no,0,0.011764705882352941,254,Not Churned
False,95.9,87,261.6,0,no,yes,36,0.0,305,Not Churned
False,152.8,110,242.8,1,no,yes,25,0.003937007874015748,253,Not Churned
False,129.9,102,208.7,1,no,no,0,0.0030120481927710845,331,Not Churned
True,268.4,85,150.6,2,yes,no,0,0.006472491909385114,308,Churned
False,188.5,152,148.3,2,no,no,0,0.00554016620498615,360,Not Churned
False,170.6,97,162.1,1,no,no,0,0.002932551319648094,340,Not Churned
False,191.4,124,200.7,1,no,no,0,0.003125,319,Not Churned
False,75.3,96,179.9,1,no,no,0,0.002898550724637681,344,Not Churned
False,149.8,123,276.3,2,no,no,0,0.0071174377224199285,280,Not Churned
False,115.9,87,111.3,1,no,no,0,0.0044444444444444444,224,Not Churned
False,128.8,86,203.9,2,no,no,0,0.0061162079510703364,326,Not Churned
False,131.7,108,216.5,1,no,no,0,0.0029154518950437317,342,Not Churned
False,101.4,48,159.1,1,no,no,0,0.004484304932735426,222,Not Churned
False,149.0,104,235.8,4,no,yes,23,0.015810276679841896,252,Not Churned
False,96.8,123,170.6,2,no,yes,36,0.006289308176100629,317,Not Churned
False,107.5,121,256.4,2,no,no,0,0.006622516556291391,301,Not Churned
True,232.8,95,303.4,0,no,no,0,0.0,317,Churned
False,121.1,105,260.2,3,no,yes,43,0.009202453987730062,325,Not Churned
False,124.3,70,270.7,0,no,no,0,0.0,258,Not Churned
False,157.7,101,298.6,1,no,no,0,0.003289473684210526,303,Not Churned
False,124.3,68,207.1,0,no,no,0,0.0,250,Not Churned
True,286.4,125,205.7,1,no,no,0,0.002881844380403458,346,Churned
False,141.7,95,205.6,0,no,no,0,0.0,262,Not Churned
False,173.0,91,245.8,0,no,yes,25,0.0,257,Not Churned
True,268.7,120,301.0,2,no,no,0,0.004889975550122249,408,Churned
False,218.5,130,134.2,0,no,yes,31,0.0,344,Not Churned
False,255.3,114,194.6,3,no,no,0,0.010676156583629894,280,Not Churned
False,41.9,124,211.0,1,no,no,0,0.0035714285714285713,279,Not Churned
False,260.8,87,258.1,1,no,no,0,0.003436426116838488,290,Not Churned
False,239.4,94,259.4,0,no,yes,26,0.0,317,Not Churned
False,226.7,94,168.4,0,no,no,0,0.0,341,Not Churned
True,179.3,147,208.9,1,no,no,0,0.002932551319648094,340,Churned
False,158.0,110,197.0,1,no,no,0,0.002849002849002849,350,Not Churned
False,175.7,82,258.9,1,no,yes,23,0.002631578947368421,379,Not Churned
False,157.4,107,167.8,3,no,no,0,0.009230769230769232,324,Not Churned
True,113.1,74,168.8,1,no,no,0,0.003355704697986577,297,Churned
False,182.7,142,246.5,1,no,no,0,0.003215434083601286,310,Not Churned
True,161.3,83,124.4,0,yes,no,0,0.0,267,Churned
False,142.5,92,208.3,2,no,no,0,0.006309148264984227,316,Not Churned
True,190.5,108,259.7,2,yes,no,0,0.006060606060606061,329,Churned
False,159.3,110,170.6,1,yes,yes,15,0.0031446540880503146,317,Not Churned
False,153.8,106,123.3,1,yes,yes,39,0.0030581039755351682,326,Not Churned
False,180.7,127,174.6,2,yes,no,0,0.005847953216374269,341,Not Churned
False,202.7,105,224.9,0,no,no,0,0.0,310,Not Churned
False,190.8,100,261.3,0,no,yes,35,0.0,307,Not Churned
False,205.1,102,232.7,2,no,no,0,0.006389776357827476,312,Not Churned
False,235.6,124,236.8,1,no,yes,28,0.0027247956403269754,366,Not Churned
False,189.3,77,155.9,0,no,no,0,0.0,291,Not Churned
False,166.9,101,273.2,1,no,yes,42,0.0034129692832764505,292,Not Churned
True,245.2,87,254.1,0,no,no,0,0.0,265,Churned
True,132.6,125,221.1,4,no,no,0,0.013513513513513514,295,Churned
False,182.3,64,139.8,2,no,no,0,0.006920415224913495,288,Not Churned
False,192.3,86,88.7,2,no,yes,14,0.006666666666666667,299,Not Churned
True,122.0,110,220.2,2,yes,no,0,0.005934718100890208,336,Churned
False,193.0,101,250.0,2,no,no,0,0.007575757575757576,263,Not Churned
False,158.6,112,220.0,0,no,no,0,0.0,335,Not Churned
False,91.5,125,219.9,2,no,yes,39,0.005780346820809248,345,Not Churned
False,153.6,92,205.5,1,no,no,0,0.0035714285714285713,279,Not Churned
False,221.6,79,157.1,1,yes,yes,40,0.0035587188612099642,280,Not Churned
False,244.7,81,168.0,1,no,no,0,0.003484320557491289,286,Not Churned
False,239.8,103,285.9,0,no,yes,24,0.0,278,Not Churned
False,172.4,132,230.5,0,no,no,0,0.0,346,Not Churned
True,242.5,83,245.4,3,no,no,0,0.011363636363636364,263,Churned
False,117.6,82,159.2,2,no,yes,39,0.007518796992481203,265,Not Churned
False,174.5,127,259.3,1,no,no,0,0.003067484662576687,325,Not Churned
False,157.3,83,220.9,1,no,no,0,0.003278688524590164,304,Not Churned
False,192.0,97,239.1,1,no,yes,21,0.003257328990228013,306,Not Churned
False,218.2,76,169.3,1,no,no,0,0.004219409282700422,236,Not Churned
False,144.6,97,140.0,1,no,yes,29,0.002849002849002849,350,Not Churned
True,153.6,108,232.9,0,yes,no,0,0.0,289,Churned
False,135.8,104,222.5,2,no,yes,29,0.006578947368421052,303,Not Churned
False,160.7,69,146.8,0,no,no,0,0.0,324,Not Churned
False,202.5,91,241.4,1,no,yes,31,0.0035842293906810036,278,Not Churned
False,152.2,119,227.1,1,no,yes,34,0.003134796238244514,318,Not Churned
False,227.4,90,73.2,0,no,no,0,0.0,331,Not Churned
False,191.6,115,205.6,2,no,no,0,0.005714285714285714,349,Not Churned
False,138.9,111,211.6,1,no,no,0,0.003246753246753247,307,Not Churned
False,127.0,102,206.9,0,no,no,0,0.0,314,Not Churned
False,168.6,87,259.2,1,no,no,0,0.003125,319,Not Churned
True,286.6,73,223.2,1,no,no,0,0.003401360544217687,293,Churned
False,164.6,121,262.8,1,no,yes,29,0.0027397260273972603,364,Not Churned
False,144.0,90,135.8,1,no,no,0,0.0031746031746031746,314,Not Churned
False,141.6,95,207.9,0,no,yes,47,0.0,331,Not Churned
False,204.3,65,247.3,1,no,no,0,0.003484320557491289,286,Not Churned
False,163.2,80,167.6,1,no,no,0,0.0036900369003690036,270,Not Churned
False,225.0,110,244.2,0,no,no,0,0.0,318,Not Churned
False,176.1,103,199.7,2,no,no,0,0.005952380952380952,335,Not Churned
False,254.2,78,228.1,5,no,yes,36,0.015822784810126583,315,Not Churned
False,174.9,105,262.0,1,no,no,0,0.0035842293906810036,278,Not Churned
True,187.3,118,160.7,0,yes,no,0,0.0,343,Churned
False,211.8,84,230.9,3,no,no,0,0.00909090909090909,329,Not Churned
False,241.9,102,126.9,0,no,no,0,0.0,317,Not Churned
False,196.1,103,199.7,3,no,no,0,0.010033444816053512,298,Not Churned
False,231.3,100,210.4,3,no,no,0,0.010238907849829351,292,Not Churned
False,161.6,104,196.3,1,no,no,0,0.002967359050445104,336,Not Churned
False,194.0,103,241.0,0,no,no,0,0.0,377,Not Churned
False,109.7,148,223.8,3,no,no,0,0.008823529411764706,339,Not Churned
False,277.0,119,238.3,1,yes,no,0,0.003076923076923077,324,Not Churned
False,192.1,83,163.6,0,no,no,0,0.0,312,Not Churned
False,198.4,147,216.9,0,no,no,0,0.0,397,Not Churned
False,209.2,82,159.7,0,no,yes,42,0.0,259,Not Churned
False,184.8,98,216.4,2,no,no,0,0.0058309037900874635,342,Not Churned
False,167.8,119,142.0,2,no,no,0,0.005333333333333333,374,Not Churned
False,139.2,140,191.4,3,no,no,0,0.007853403141361256,381,Not Churned
False,221.3,82,167.6,0,no,yes,17,0.0,273,Not Churned
False,121.6,84,165.3,1,no,no,0,0.003367003367003367,296,Not Churned
False,270.4,99,245.1,1,no,yes,39,0.0030303030303030303,329,Not Churned
False,139.6,94,240.9,2,no,no,0,0.006688963210702341,298,Not Churned
False,253.0,78,138.9,2,no,yes,23,0.006514657980456026,306,Not Churned
False,183.9,83,240.7,1,no,yes,26,0.003278688524590164,304,Not Churned
False,203.3,108,259.9,3,no,no,0,0.010714285714285714,279,Not Churned
False,200.6,106,152.5,3,no,no,0,0.008241758241758242,363,Not Churned
False,167.6,96,176.0,2,no,no,0,0.006557377049180328,304,Not Churned
False,156.5,67,204.3,2,no,no,0,0.00816326530612245,244,Not Churned
False,215.1,140,197.4,1,no,yes,25,0.002967359050445104,336,Not Churned
False,301.7,82,167.1,1,no,no,0,0.0033783783783783786,295,Not Churned
False,152.3,90,267.5,7,no,yes,42,0.021341463414634148,327,Not Churned
False,195.4,116,212.1,1,no,no,0,0.0027548209366391185,362,Not Churned
False,208.7,97,275.5,2,no,no,0,0.006535947712418301,305,Not Churned
False,190.1,87,223.2,0,no,yes,29,0.0,346,Not Churned
False,185.4,87,178.5,4,no,yes,37,0.012269938650306749,325,Not Churned
False,183.2,95,252.8,0,no,yes,17,0.0,318,Not Churned
True,54.2,100,303.2,1,yes,no,0,0.0036900369003690036,270,Churned
False,208.0,115,185.0,1,no,yes,26,0.002617801047120419,381,Not Churned
False,230.3,110,77.9,1,no,no,0,0.003257328990228013,306,Not Churned
False,240.8,102,75.9,2,no,yes,22,0.0061162079510703364,326,Not Churned
False,195.7,119,106.2,2,no,yes,21,0.00641025641025641,311,Not Churned
True,276.1,82,201.1,0,no,no,0,0.0,265,Churned
False,166.1,93,175.9,2,no,no,0,0.007751937984496124,257,Not Churned
True,135.9,117,244.5,4,no,yes,28,0.013468013468013467,296,Churned
True,189.1,122,223.2,2,yes,no,0,0.005988023952095809,333,Churned
False,177.9,117,175.1,1,no,yes,43,0.003236245954692557,308,Not Churned
False,143.9,73,210.3,2,no,yes,39,0.006329113924050633,315,Not Churned
False,148.2,138,159.6,2,yes,no,0,0.0061162079510703364,326,Not Churned
True,287.1,115,159.3,2,no,no,0,0.006622516556291391,301,Churned
True,179.7,144,218.1,1,no,yes,26,0.002583979328165375,386,Churned
True,165.8,96,190.0,5,no,no,0,0.014005602240896359,356,Churned
False,144.1,144,167.6,1,no,yes,25,0.002777777777777778,359,Not Churned
False,172.5,85,253.1,0,no,no,0,0.0,275,Not Churned
False,199.8,138,167.1,1,no,no,0,0.003048780487804878,327,Not Churned
False,109.1,134,142.3,2,no,no,0,0.006622516556291391,301,Not Churned
False,171.8,106,301.7,1,no,no,0,0.003787878787878788,263,Not Churned
True,222.3,101,286.0,1,no,no,0,0.0029940119760479044,333,Churned
False,245.8,102,264.7,0,no,no,0,0.0,302,Not Churned
False,164.6,110,270.6,0,no,no,0,0.0,325,Not Churned
False,211.7,107,271.7,0,no,no,0,0.0,299,Not Churned
True,147.2,103,160.1,0,yes,yes,16,0.0,321,Churned
True,254.7,103,252.2,0,yes,no,0,0.0,289,Churned
False,170.1,113,271.8,1,yes,no,0,0.0034482758620689655,289,Not Churned
False,195.1,91,261.5,0,no,no,0,0.0,243,Not Churned
True,149.3,83,187.1,7,no,no,0,0.0220125786163522,317,Churned
True,81.9,75,253.8,2,no,no,0,0.006329113924050633,315,Churned
False,191.1,109,149.6,0,yes,yes,25,0.0,292,Not Churned
False,206.9,115,224.4,3,no,no,0,0.011363636363636364,263,Not Churned
True,239.0,156,273.0,1,no,no,0,0.0027472527472527475,363,Churned
False,179.3,97,252.7,0,no,no,0,0.0,342,Not Churned
False,185.3,91,219.1,0,no,no,0,0.0,291,Not Churned
False,141.4,80,123.9,2,yes,no,0,0.008064516129032258,247,Not Churned
False,248.6,91,119.3,1,no,yes,25,0.003436426116838488,290,Not Churned
False,152.5,131,252.4,2,no,no,0,0.005780346820809248,345,Not Churned
False,145.6,102,230.9,1,no,no,0,0.0035335689045936395,282,Not Churned
False,164.2,116,196.2,1,no,no,0,0.002564102564102564,389,Not Churned
False,221.0,115,165.4,1,yes,no,0,0.0029940119760479044,333,Not Churned
True,295.4,126,232.1,1,no,no,0,0.0027100271002710027,368,Churned
False,139.8,98,174.9,2,no,no,0,0.005208333333333333,383,Not Churned
True,162.3,99,149.1,4,no,no,0,0.013605442176870748,293,Churned
True,272.7,97,236.4,0,no,no,0,0.0,299,Churned
False,200.3,75,226.6,2,yes,yes,33,0.008438818565400843,236,Not Churned
False,157.1,77,172.4,1,no,yes,28,0.0035971223021582736,277,Not Churned
False,135.8,60,200.6,2,yes,yes,12,0.006666666666666667,299,Not Churned
False,236.7,110,231.9,1,no,no,0,0.003401360544217687,293,Not Churned
False,111.4,133,175.0,3,no,no,0,0.009615384615384616,311,Not Churned
True,156.1,89,107.1,0,yes,yes,28,0.0,301,Churned
False,191.1,93,282.8,2,no,no,0,0.007352941176470588,271,Not Churned
True,153.0,123,141.1,1,no,no,0,0.0029239766081871343,341,Churned
False,218.8,123,242.8,4,no,no,0,0.014760147601476014,270,Not Churned
False,205.4,101,134.9,3,no,no,0,0.011363636363636364,263,Not Churned
True,225.2,111,184.9,0,yes,no,0,0.0,356,Churned
True,249.9,127,254.5,2,no,no,0,0.005714285714285714,349,Churned
False,131.6,89,137.0,3,no,no,0,0.00964630225080386,310,Not Churned
False,197.9,99,165.6,0,no,yes,21,0.0,328,Not Churned
False,166.5,129,210.2,1,no,no,0,0.0029850746268656717,334,Not Churned
False,225.4,79,187.1,1,no,yes,29,0.003257328990228013,306,Not Churned
True,275.8,103,189.5,2,no,no,0,0.0064516129032258064,309,Churned
False,142.9,105,88.6,1,no,yes,40,0.0037174721189591076,268,Not Churned
False,207.2,113,256.0,1,no,no,0,0.0035460992907801418,281,Not Churned
False,206.2,100,211.2,1,no,no,0,0.002881844380403458,346,Not Churned
False,210.3,66,195.8,1,no,no,0,0.004310344827586207,231,Not Churned
True,225.7,117,119.6,1,yes,yes,38,0.002688172043010753,371,Churned
True,167.8,91,205.3,4,no,yes,33,0.012539184952978056,318,Churned
False,197.7,118,152.2,2,no,no,0,0.006430868167202572,310,Not Churned
False,169.8,105,65.2,1,no,yes,39,0.0031446540880503146,317,Not Churned
False,190.6,104,237.3,2,no,yes,28,0.0061162079510703364,326,Not Churned
False,80.3,140,153.3,2,no,yes,45,0.005434782608695652,367,Not Churned
False,231.7,110,225.1,0,no,yes,36,0.0,289,Not Churned
False,69.1,114,230.3,0,no,no,0,0.0,323,Not Churned
False,188.8,60,217.4,4,no,no,0,0.017241379310344827,231,Not Churned
True,150.6,125,169.1,8,no,no,0,0.02197802197802198,363,Churned
False,192.0,89,139.5,2,no,no,0,0.007042253521126761,283,Not Churned
False,163.7,78,113.2,3,no,yes,25,0.009615384615384616,311,Not Churned
False,211.7,100,198.7,1,no,no,0,0.002881844380403458,346,Not Churned
False,175.5,103,132.3,1,no,no,0,0.0030959752321981426,322,Not Churned
False,150.1,120,200.1,2,no,no,0,0.006369426751592357,313,Not Churned
False,189.5,99,176.3,1,no,no,0,0.0030211480362537764,330,Not Churned
True,70.8,94,215.6,6,no,no,0,0.018575851393188854,322,Churned
False,215.5,102,190.7,1,no,no,0,0.0032258064516129032,309,Not Churned
False,101.7,105,202.8,3,no,no,0,0.00909090909090909,329,Not Churned
False,258.4,132,126.8,4,no,no,0,0.011527377521613832,346,Not Churned
False,242.4,126,152.9,1,no,no,0,0.0027548209366391185,362,Not Churned
False,131.8,82,284.3,1,no,no,0,0.003278688524590164,304,Not Churned
False,190.2,102,197.7,2,no,no,0,0.005681818181818182,351,Not Churned
False,154.1,104,204.2,2,no,no,0,0.006389776357827476,312,Not Churned
False,188.0,127,90.5,3,no,no,0,0.009584664536741214,312,Not Churned
False,103.1,70,275.0,1,no,no,0,0.003367003367003367,296,Not Churned
False,175.4,130,159.5,0,no,no,0,0.0,360,Not Churned
False,145.4,93,209.1,1,no,no,0,0.0034602076124567475,288,Not Churned
False,250.6,85,187.9,1,yes,no,0,0.003676470588235294,271,Not Churned
False,161.5,123,214.2,1,no,no,0,0.0031645569620253164,315,Not Churned
True,260.1,101,256.5,1,no,no,0,0.0038314176245210726,260,Churned
True,281.3,124,301.5,0,no,no,0,0.0,332,Churned
True,130.1,90,167.0,3,yes,yes,42,0.009868421052631578,303,Churned
False,102.0,118,113.3,2,no,no,0,0.00554016620498615,360,Not Churned
False,218.7,104,155.0,1,no,yes,33,0.002702702702702703,369,Not Churned
False,128.5,86,188.4,1,no,yes,30,0.0037174721189591076,268,Not Churned
True,128.7,100,227.1,2,no,no,0,0.006514657980456026,306,Churned
False,172.2,92,162.6,1,no,no,0,0.0036496350364963502,273,Not Churned
False,199.2,124,126.0,1,no,no,0,0.0028653295128939827,348,Not Churned
False,184.5,98,200.5,2,no,no,0,0.006993006993006993,285,Not Churned
False,168.6,99,175.6,0,no,no,0,0.0,305,Not Churned
False,174.0,118,205.3,1,no,yes,30,0.0034129692832764505,292,Not Churned
False,230.4,65,257.4,1,no,no,0,0.004219409282700422,236,Not Churned
False,198.2,73,202.8,1,no,no,0,0.003745318352059925,266,Not Churned
False,186.1,96,211.6,0,no,no,0,0.0,300,Not Churned
False,148.5,105,243.0,1,no,no,0,0.003048780487804878,327,Not Churned
False,157.1,109,268.8,0,no,no,0,0.0,291,Not Churned
True,155.0,110,133.4,4,no,no,0,0.013201320132013201,302,Churned
False,129.3,123,176.5,1,yes,yes,26,0.002881844380403458,346,Not Churned
False,188.5,77,182.0,1,no,no,0,0.0029940119760479044,333,Not Churned
False,208.8,120,225.3,0,no,no,0,0.0,355,Not Churned
True,238.0,82,278.5,0,no,no,0,0.0,320,Churned
False,211.1,103,206.9,0,no,no,0,0.0,285,Not Churned
False,198.9,87,207.0,3,no,yes,30,0.011627906976744186,257,Not Churned
False,212.8,79,204.1,1,no,no,0,0.0034965034965034965,285,Not Churned
False,137.4,126,120.0,3,no,no,0,0.010452961672473868,286,Not Churned
False,191.8,75,267.8,2,no,yes,31,0.007246376811594203,275,Not Churned
False,149.0,92,49.2,0,no,no,0,0.0,274,Not Churned
False,117.1,118,249.6,3,no,no,0,0.010101010101010102,296,Not Churned
False,108.0,79,241.9,3,no,no,0,0.009174311926605505,326,Not Churned
False,112.8,133,199.4,0,no,no,0,0.0,359,Not Churned
False,175.9,105,188.3,1,no,no,0,0.003355704697986577,297,Not Churned
True,236.6,109,169.9,1,no,no,0,0.002967359050445104,336,Churned
False,169.4,102,184.9,1,no,no,0,0.0029154518950437317,342,Not Churned
False,129.6,79,246.2,3,no,no,0,0.009584664536741214,312,Not Churned
False,177.1,97,184.7,1,no,no,0,0.0033003300330033004,302,Not Churned
False,133.3,63,184.1,1,no,yes,20,0.0033783783783783786,295,Not Churned
False,167.8,121,212.9,5,no,no,0,0.01557632398753894,320,Not Churned
False,174.6,107,310.6,1,no,yes,32,0.003134796238244514,318,Not Churned
False,150.3,101,255.9,2,no,no,0,0.007142857142857143,279,Not Churned
False,283.2,110,239.7,5,no,yes,21,0.016666666666666666,299,Not Churned
True,157.8,83,161.5,5,no,yes,20,0.02066115702479339,241,Churned
False,141.2,132,149.1,2,no,no,0,0.006734006734006734,296,Not Churned
False,230.2,106,196.1,1,no,yes,27,0.003389830508474576,294,Not Churned
True,237.8,92,208.9,2,yes,no,0,0.006578947368421052,303,Churned
True,204.0,84,168.5,3,yes,no,0,0.01195219123505976,250,Churned
False,221.1,106,178.6,1,no,no,0,0.004032258064516129,247,Not Churned
False,177.2,93,142.6,4,no,no,0,0.013333333333333334,299,Not Churned
False,118.0,133,248.1,1,no,no,0,0.002777777777777778,359,Not Churned
False,163.8,73,255.6,0,no,no,0,0.0,257,Not Churned
False,141.3,96,230.4,3,no,yes,4,0.01098901098901099,272,Not Churned
True,272.5,119,226.1,3,no,no,0,0.009584664536741214,312,Churned
False,118.9,112,228.3,2,no,yes,16,0.006134969325153374,325,Not Churned
False,7.9,100,136.4,0,no,no,0,0.0,273,Not Churned
False,159.5,96,167.2,0,no,no,0,0.0,329,Not Churned
False,150.2,70,185.7,1,no,no,0,0.0033444816053511705,298,Not Churned
False,144.5,35,262.3,2,no,yes,30,0.008849557522123894,225,Not Churned
False,140.7,88,210.9,2,no,no,0,0.006329113924050633,315,Not Churned
False,169.2,123,216.8,1,no,no,0,0.0031545741324921135,316,Not Churned
False,220.8,77,148.5,2,no,no,0,0.007462686567164179,267,Not Churned
False,216.3,96,266.3,0,no,no,0,0.0,286,Not Churned
False,169.5,96,157.6,0,no,no,0,0.0,267,Not Churned
False,256.3,119,258.1,1,no,yes,35,0.0029239766081871343,341,Not Churned
False,179.7,128,299.8,1,no,no,0,0.0029069767441860465,343,Not Churned
False,266.0,120,130.1,3,no,no,0,0.010948905109489052,273,Not Churned
False,96.7,97,193.8,2,no,no,0,0.007042253521126761,283,Not Churned
False,82.7,116,194.6,0,no,no,0,0.0,274,Not Churned
False,168.2,87,161.7,3,no,no,0,0.010169491525423728,294,Not Churned
True,286.4,109,178.2,1,no,no,0,0.0029154518950437317,342,Churned
False,174.3,95,186.6,3,no,no,0,0.008982035928143712,333,Not Churned
False,190.6,100,161.7,1,yes,no,0,0.002881844380403458,346,Not Churned
False,175.5,86,205.1,4,no,no,0,0.014925373134328358,267,Not Churned
False,133.4,102,204.6,1,no,no,0,0.0035211267605633804,283,Not Churned
False,204.6,96,136.0,3,no,yes,27,0.010948905109489052,273,Not Churned
False,242.2,88,233.2,3,no,no,0,0.009836065573770493,304,Not Churned
False,253.1,112,210.1,3,no,yes,33,0.009708737864077669,308,Not Churned
False,130.0,110,185.3,0,no,no,0,0.0,307,Not Churned
False,105.9,151,189.6,0,no,no,0,0.0,367,Not Churned
False,194.2,98,193.8,3,no,no,0,0.009259259259259259,323,Not Churned
False,183.8,111,123.5,1,no,no,0,0.003215434083601286,310,Not Churned
False,196.5,82,190.0,2,no,no,0,0.007326007326007326,272,Not Churned
False,184.5,81,172.0,3,no,no,0,0.01056338028169014,283,Not Churned
False,261.9,113,148.1,0,no,no,0,0.0,290,Not Churned
False,202.4,118,260.2,3,no,no,0,0.009900990099009901,302,Not Churned
False,167.4,113,172.7,3,no,yes,39,0.009230769230769232,324,Not Churned
False,167.7,104,246.8,1,no,yes,22,0.0030864197530864196,323,Not Churned
False,191.7,109,193.0,1,no,yes,30,0.0034129692832764505,292,Not Churned
False,240.2,78,230.3,2,no,no,0,0.007352941176470588,271,Not Churned
False,189.1,112,178.2,1,no,yes,26,0.0031446540880503146,317,Not Churned
False,127.7,67,182.9,1,no,no,0,0.0038910505836575876,256,Not Churned
False,205.2,106,99.5,1,no,no,0,0.003257328990228013,306,Not Churned
False,153.6,93,216.9,2,no,yes,23,0.007246376811594203,275,Not Churned
False,154.5,129,193.6,2,no,no,0,0.005479452054794521,364,Not Churned
False,153.7,109,194.0,1,no,no,0,0.0029850746268656717,334,Not Churned
False,171.2,138,185.8,1,yes,yes,36,0.002932551319648094,340,Not Churned
True,328.1,106,151.7,1,no,no,0,0.003194888178913738,312,Churned
True,145.9,69,208.2,0,yes,no,0,0.0,326,Churned
False,201.2,76,280.1,1,no,yes,37,0.0032258064516129032,309,Not Churned
False,139.1,72,246.0,5,no,no,0,0.015873015873015872,314,Not Churned
False,118.9,128,278.3,2,no,no,0,0.007547169811320755,264,Not Churned
True,217.6,87,279.0,2,no,no,0,0.008771929824561403,227,Churned
False,145.0,133,209.1,1,no,no,0,0.0029411764705882353,339,Not Churned
False,203.5,89,289.6,3,no,no,0,0.012875536480686695,232,Not Churned
False,240.1,115,180.4,3,no,no,0,0.008955223880597015,334,Not Churned
False,83.8,121,240.2,1,no,no,0,0.0029940119760479044,333,Not Churned
True,269.8,106,228.8,1,no,no,0,0.003105590062111801,321,Churned
False,126.3,84,209.6,1,no,yes,21,0.0031446540880503146,317,Not Churned
False,88.1,125,175.9,2,no,yes,15,0.005649717514124294,353,Not Churned
False,218.5,61,196.7,2,no,yes,34,0.00823045267489712,242,Not Churned
False,236.8,61,263.4,1,no,yes,26,0.003875968992248062,257,Not Churned
False,124.1,117,192.8,3,no,no,0,0.009523809523809525,314,Not Churned
False,184.2,132,167.5,0,yes,yes,30,0.0,365,Not Churned
False,222.7,133,277.0,4,no,no,0,0.012461059190031152,320,Not Churned
False,149.2,98,193.6,1,no,no,0,0.003215434083601286,310,Not Churned
False,206.5,125,180.2,3,no,no,0,0.008875739644970414,337,Not Churned
False,159.7,102,168.8,3,no,yes,27,0.008522727272727272,351,Not Churned
False,204.7,118,209.4,2,no,yes,27,0.007168458781362007,278,Not Churned
False,213.2,79,120.7,1,no,no,0,0.0033112582781456954,301,Not Churned
False,269.6,121,171.7,1,yes,no,0,0.0031545741324921135,316,Not Churned
False,116.7,92,213.8,2,no,no,0,0.006191950464396285,322,Not Churned
False,263.4,101,235.5,0,no,no,0,0.0,368,Not Churned
False,140.2,97,213.9,1,no,no,0,0.003048780487804878,327,Not Churned
False,197.7,101,127.6,1,no,no,0,0.003436426116838488,290,Not Churned
False,136.2,92,220.9,3,no,no,0,0.009202453987730062,325,Not Churned
False,88.5,87,178.8,2,no,yes,16,0.006779661016949152,294,Not Churned
False,215.3,58,242.4,0,no,no,0,0.0,263,Not Churned
True,269.2,104,193.8,3,no,no,0,0.009615384615384616,311,Churned
False,203.8,118,267.1,0,no,yes,25,0.0,276,Not Churned
False,268.4,112,222.2,0,no,yes,34,0.0,325,Not Churned
False,159.1,104,269.8,1,no,no,0,0.0030211480362537764,330,Not Churned
False,114.4,122,127.7,2,no,no,0,0.005115089514066497,390,Not Churned
False,138.9,65,208.9,2,no,no,0,0.007692307692307693,259,Not Churned
False,186.0,55,237.4,1,no,no,0,0.004,249,Not Churned
False,170.4,91,254.5,0,no,yes,26,0.0,308,Not Churned
False,164.5,95,230.9,4,no,no,0,0.01444043321299639,276,Not Churned
False,168.6,121,168.6,1,no,no,0,0.0035842293906810036,278,Not Churned
True,261.2,119,250.8,0,no,no,0,0.0,338,Churned
False,190.5,91,178.4,1,no,no,0,0.0035087719298245615,284,Not Churned
False,181.1,121,314.4,2,no,no,0,0.006230529595015576,320,Not Churned
False,177.1,131,114.7,3,no,no,0,0.008620689655172414,347,Not Churned
False,160.5,114,240.5,1,no,no,0,0.0029154518950437317,342,Not Churned
False,134.7,116,295.3,2,no,no,0,0.005865102639296188,340,Not Churned
False,198.2,107,139.1,2,no,yes,28,0.005390835579514825,370,Not Churned
True,228.9,134,255.7,4,yes,no,0,0.012195121951219513,327,Churned
False,241.7,137,135.8,0,no,no,0,0.0,363,Not Churned
False,131.1,108,176.2,1,no,no,0,0.0036363636363636364,274,Not Churned
False,234.1,101,200.2,2,no,no,0,0.006230529595015576,320,Not Churned
False,200.1,72,300.9,0,no,no,0,0.0,265,Not Churned
False,154.0,107,94.4,1,no,no,0,0.0030864197530864196,323,Not Churned
False,224.2,106,189.6,0,no,yes,23,0.0,285,Not Churned
False,148.3,83,181.6,3,no,no,0,0.01098901098901099,272,Not Churned
False,174.6,76,176.6,2,no,yes,24,0.006968641114982578,286,Not Churned
False,138.5,110,153.2,1,no,no,0,0.003257328990228013,306,Not Churned
False,109.0,69,265.8,1,no,no,0,0.004,249,Not Churned
False,162.3,99,212.5,4,no,no,0,0.012618296529968454,316,Not Churned
False,210.8,84,189.6,2,no,no,0,0.007017543859649123,284,Not Churned
False,142.4,107,318.7,1,no,no,0,0.0033222591362126247,300,Not Churned
False,223.5,104,235.1,2,no,yes,37,0.006688963210702341,298,Not Churned
False,182.5,65,232.1,2,no,no,0,0.008130081300813009,245,Not Churned
False,219.6,97,141.1,2,no,no,0,0.005763688760806916,346,Not Churned
False,193.6,66,238.2,0,no,no,0,0.0,258,Not Churned
False,192.4,111,156.9,0,no,no,0,0.0,286,Not Churned
False,236.2,122,189.4,0,no,no,0,0.0,340,Not Churned
False,233.2,88,113.3,0,no,yes,28,0.0,265,Not Churned
False,158.8,53,188.5,2,no,no,0,0.007220216606498195,276,Not Churned
False,126.1,112,274.7,1,no,no,0,0.0029585798816568047,337,Not Churned
True,290.4,108,253.9,3,no,no,0,0.009036144578313253,331,Churned
False,60.6,113,165.9,0,no,yes,30,0.0,315,Not Churned
False,148.4,95,193.8,0,no,no,0,0.0,305,Not Churned
False,246.5,108,216.3,2,no,no,0,0.006666666666666667,299,Not Churned
True,298.1,112,201.3,2,no,no,0,0.006557377049180328,304,Churned
False,119.3,82,185.1,2,no,no,0,0.007352941176470588,271,Not Churned
False,242.5,82,232.9,0,no,no,0,0.0,272,Not Churned
True,222.1,89,160.6,0,yes,yes,18,0.0,302,Churned
True,236.2,135,273.9,2,no,no,0,0.006514657980456026,306,Churned
False,144.2,87,212.2,0,no,no,0,0.0,252,Not Churned
False,154.6,100,241.6,3,no,yes,19,0.009287925696594427,322,Not Churned
False,137.4,100,176.7,2,no,yes,25,0.007067137809187279,282,Not Churned
False,103.7,93,127.0,0,no,no,0,0.0,267,Not Churned
True,136.6,112,209.4,4,no,no,0,0.014598540145985401,273,Churned
True,289.8,101,255.6,2,no,no,0,0.006734006734006734,296,Churned
False,260.9,85,168.5,3,no,no,0,0.010526315789473684,284,Not Churned
True,196.2,129,176.5,0,yes,no,0,0.0,324,Churned
False,195.6,71,126.4,1,no,no,0,0.004219409282700422,236,Not Churned
False,222.2,96,162.5,4,no,no,0,0.011940298507462687,334,Not Churned
True,172.9,119,183.0,0,yes,no,0,0.0,306,Churned
True,249.8,109,242.4,0,no,no,0,0.0,297,Churned
False,154.5,84,216.2,1,no,no,0,0.0038314176245210726,260,Not Churned
False,90.4,108,276.2,1,no,no,0,0.0033444816053511705,298,Not Churned
False,268.8,78,246.6,0,no,yes,27,0.0,272,Not Churned
False,106.1,95,157.6,1,no,no,0,0.0035587188612099642,280,Not Churned
False,27.0,117,160.9,3,no,no,0,0.009554140127388535,313,Not Churned
False,140.1,59,223.4,1,no,yes,27,0.003937007874015748,253,Not Churned
False,245.0,112,180.4,1,no,no,0,0.0031746031746031746,314,Not Churned
False,196.7,85,205.9,3,no,no,0,0.010830324909747292,276,Not Churned
False,131.2,98,106.5,2,no,yes,26,0.006711409395973154,297,Not Churned
False,149.6,96,239.8,2,no,yes,23,0.005555555555555556,359,Not Churned
False,239.8,70,251.8,1,no,no,0,0.003424657534246575,291,Not Churned
False,142.1,77,193.0,1,no,yes,31,0.003745318352059925,266,Not Churned
False,115.4,137,178.7,3,no,no,0,0.009259259259259259,323,Not Churned
False,193.0,99,224.8,2,no,yes,31,0.006993006993006993,285,Not Churned
False,206.1,49,224.6,1,no,no,0,0.004166666666666667,239,Not Churned
False,160.3,138,221.3,0,no,no,0,0.0,352,Not Churned
False,199.9,108,288.4,1,no,no,0,0.0033444816053511705,298,Not Churned
False,213.1,105,206.2,0,no,no,0,0.0,309,Not Churned
False,178.3,102,235.0,3,no,no,0,0.008746355685131196,342,Not Churned
True,252.3,120,207.0,3,yes,no,0,0.009009009009009009,332,Churned
False,197.7,64,136.7,4,no,no,0,0.01444043321299639,276,Not Churned
False,111.1,105,217.9,2,no,yes,29,0.006289308176100629,317,Not Churned
True,96.5,86,210.2,1,no,no,0,0.00303951367781155,328,Churned
False,156.9,109,122.2,3,no,no,0,0.009836065573770493,304,Not Churned
False,123.3,78,170.0,1,no,no,0,0.004098360655737705,243,Not Churned
False,193.7,108,183.2,1,no,no,0,0.0032258064516129032,309,Not Churned
False,206.9,134,167.7,0,yes,no,0,0.0,329,Not Churned
True,249.8,96,261.9,3,no,no,0,0.009966777408637873,300,Churned
False,144.0,102,224.7,1,no,no,0,0.0036496350364963502,273,Not Churned
False,299.5,83,163.4,0,no,yes,33,0.0,260,Not Churned
True,226.0,127,304.6,2,no,no,0,0.005763688760806916,346,Churned
False,137.6,106,143.5,2,no,no,0,0.006309148264984227,316,Not Churned
False,211.7,121,139.2,1,yes,yes,26,0.002967359050445104,336,Not Churned
False,89.7,80,179.8,2,no,no,0,0.006993006993006993,285,Not Churned
False,197.6,126,246.5,2,yes,no,0,0.005698005698005698,350,Not Churned
True,270.0,102,256.6,2,no,no,0,0.006191950464396285,322,Churned
False,224.7,116,192.0,3,no,no,0,0.009836065573770493,304,Not Churned
False,194.3,99,123.6,2,no,no,0,0.005988023952095809,333,Not Churned
True,47.7,89,264.4,0,yes,no,0,0.0,284,Churned
False,190.1,105,182.2,1,no,no,0,0.00303951367781155,328,Not Churned
True,89.5,94,339.9,1,yes,no,0,0.0035971223021582736,277,Churned
False,182.6,83,154.5,0,no,no,0,0.0,256,Not Churned
False,205.5,86,298.5,1,no,yes,35,0.0031847133757961785,313,Not Churned
False,231.5,82,266.9,1,no,no,0,0.003246753246753247,307,Not Churned
True,251.3,69,252.5,3,yes,no,0,0.010752688172043012,278,Churned
False,171.2,103,243.5,2,no,no,0,0.00625,319,Not Churned
False,197.9,89,251.0,2,no,no,0,0.006896551724137931,289,Not Churned
False,134.8,94,204.1,1,no,no,0,0.0031446540880503146,317,Not Churned
False,191.4,114,168.5,1,no,no,0,0.0028169014084507044,354,Not Churned
False,174.5,65,197.4,0,no,no,0,0.0,269,Not Churned
False,177.4,125,226.2,0,no,no,0,0.0,305,Not Churned
False,182.1,89,211.5,1,no,no,0,0.003134796238244514,318,Not Churned
False,222.4,85,165.4,0,no,no,0,0.0,262,Not Churned
True,47.8,120,178.9,0,yes,no,0,0.0,346,Churned
False,121.8,97,89.3,1,no,no,0,0.003424657534246575,291,Not Churned
False,143.5,121,189.3,3,no,no,0,0.009375,319,Not Churned
False,164.9,68,210.4,2,no,no,0,0.0076045627376425855,262,Not Churned
False,193.6,58,148.7,2,no,no,0,0.007142857142857143,279,Not Churned
False,101.1,121,263.2,0,no,no,0,0.0,310,Not Churned
False,92.3,88,193.1,2,no,yes,24,0.006472491909385114,308,Not Churned
False,168.9,128,123.9,2,no,no,0,0.0058823529411764705,339,Not Churned
False,219.2,102,206.0,1,no,yes,29,0.0029940119760479044,333,Not Churned
False,178.1,130,242.8,0,no,yes,37,0.0,330,Not Churned
False,146.5,101,284.5,3,no,no,0,0.008620689655172414,347,Not Churned
False,172.3,116,266.2,1,no,yes,31,0.0033003300330033004,302,Not Churned
False,190.9,143,149.7,1,no,no,0,0.0032679738562091504,305,Not Churned
True,232.1,74,327.1,3,no,no,0,0.01056338028169014,283,Churned
True,169.2,124,173.3,4,no,no,0,0.013289036544850499,300,Churned
False,123.8,107,319.0,2,no,no,0,0.006349206349206349,314,Not Churned
False,96.0,117,177.0,3,no,no,0,0.00946372239747634,316,Not Churned
False,93.4,106,252.0,1,no,yes,27,0.003289473684210526,303,Not Churned
False,90.6,130,170.6,1,no,no,0,0.0031847133757961785,313,Not Churned
False,152.9,81,256.6,2,no,no,0,0.0070921985815602835,281,Not Churned
False,257.9,92,211.6,2,no,no,0,0.007407407407407408,269,Not Churned
False,85.2,98,230.4,2,yes,yes,29,0.006872852233676976,290,Not Churned
False,160.0,72,184.5,1,no,yes,34,0.0033003300330033004,302,Not Churned
False,182.9,54,292.4,0,no,yes,10,0.0,242,Not Churned
False,216.2,67,222.2,2,no,no,0,0.006734006734006734,296,Not Churned
False,261.7,105,181.8,0,no,no,0,0.0,348,Not Churned
False,241.2,105,174.3,2,no,no,0,0.007874015748031496,253,Not Churned
False,177.2,142,123.5,1,no,no,0,0.003472222222222222,287,Not Churned
False,89.5,128,180.8,2,no,no,0,0.005509641873278237,362,Not Churned
False,200.3,72,197.8,1,yes,yes,16,0.003861003861003861,258,Not Churned
True,145.0,103,294.3,4,yes,no,0,0.012539184952978056,318,Churned
False,159.5,99,119.7,2,no,no,0,0.005291005291005291,377,Not Churned
False,151.8,106,138.0,3,no,no,0,0.0084985835694051,352,Not Churned
False,176.2,120,236.0,1,no,no,0,0.0027247956403269754,366,Not Churned
False,152.1,95,121.0,0,no,no,0,0.0,331,Not Churned
False,161.3,122,220.6,1,no,no,0,0.003076923076923077,324,Not Churned
False,171.7,78,144.5,3,yes,no,0,0.010948905109489052,273,Not Churned
True,278.9,110,190.2,0,no,no,0,0.0,268,Churned
False,213.0,121,226.2,4,no,yes,27,0.012307692307692308,324,Not Churned
False,242.9,67,170.9,1,no,yes,36,0.0037174721189591076,268,Not Churned
True,217.2,121,303.4,0,no,no,0,0.0,267,Churned
False,175.9,111,285.2,1,no,no,0,0.0028089887640449437,355,Not Churned
True,303.2,133,170.5,0,no,no,0,0.0,302,Churned
False,238.9,107,187.2,2,no,no,0,0.007067137809187279,282,Not Churned
False,189.6,42,179.0,2,no,yes,22,0.006430868167202572,310,Not Churned
True,133.3,94,247.8,5,no,no,0,0.01644736842105263,303,Churned
False,92.7,107,127.8,3,no,yes,28,0.01056338028169014,283,Not Churned
False,177.2,72,248.9,3,no,no,0,0.011029411764705883,271,Not Churned
False,184.5,103,209.0,2,no,no,0,0.007518796992481203,265,Not Churned
False,176.1,109,159.4,0,no,yes,24,0.0,293,Not Churned
False,204.7,108,143.1,6,no,no,0,0.019867549668874173,301,Not Churned
False,143.6,80,134.3,2,no,no,0,0.00851063829787234,234,Not Churned
False,179.3,93,188.8,1,no,no,0,0.003968253968253968,251,Not Churned
False,137.3,100,212.2,1,no,no,0,0.0030864197530864196,323,Not Churned
False,237.8,92,223.5,2,no,no,0,0.005813953488372093,343,Not Churned
False,203.7,92,216.4,2,no,no,0,0.007662835249042145,260,Not Churned
False,191.3,95,250.7,2,no,yes,25,0.006191950464396285,322,Not Churned
False,209.1,141,205.0,2,yes,no,0,0.0057306590257879654,348,Not Churned
False,88.8,104,109.6,3,no,yes,33,0.009523809523809525,314,Not Churned
False,97.2,88,155.6,0,no,no,0,0.0,283,Not Churned
False,137.9,96,192.6,1,no,no,0,0.0034482758620689655,289,Not Churned
False,224.3,112,185.7,2,no,no,0,0.006666666666666667,299,Not Churned
False,207.6,65,152.7,1,no,yes,13,0.004149377593360996,240,Not Churned
False,268.1,95,120.5,2,no,no,0,0.0057306590257879654,348,Not Churned
True,166.7,61,179.3,4,no,no,0,0.013888888888888888,287,Churned
True,267.1,104,180.4,1,no,no,0,0.002890173410404624,345,Churned
False,181.8,108,198.6,2,no,no,0,0.0056179775280898875,355,Not Churned
False,147.1,80,199.7,0,no,no,0,0.0,293,Not Churned
False,37.7,115,144.1,1,no,yes,29,0.0030211480362537764,330,Not Churned
False,185.0,88,224.9,2,no,no,0,0.006779661016949152,294,Not Churned
False,156.4,108,171.0,2,no,no,0,0.006153846153846154,324,Not Churned
False,239.3,84,195.7,1,no,no,0,0.0036101083032490976,276,Not Churned
False,215.5,129,161.9,2,no,yes,29,0.006600660066006601,302,Not Churned
False,134.9,70,211.5,1,no,no,0,0.00390625,255,Not Churned
False,194.8,116,209.9,0,no,no,0,0.0,312,Not Churned
False,239.1,105,209.1,5,no,yes,20,0.014285714285714285,349,Not Churned
False,92.6,85,177.6,3,no,no,0,0.011811023622047244,253,Not Churned
False,209.4,133,211.5,1,no,no,0,0.002617801047120419,381,Not Churned
False,197.6,83,164.5,1,no,no,0,0.0036496350364963502,273,Not Churned
False,17.6,121,161.7,1,no,no,0,0.0029850746268656717,334,Not Churned
False,62.9,112,202.9,1,yes,no,0,0.0034482758620689655,289,Not Churned
False,202.3,97,69.2,1,no,yes,28,0.004016064257028112,248,Not Churned
False,136.1,116,181.4,0,no,no,0,0.0,321,Not Churned
False,207.0,109,167.4,1,no,no,0,0.003194888178913738,312,Not Churned
False,207.9,95,233.5,1,no,yes,33,0.0035842293906810036,278,Not Churned
True,276.5,122,195.6,1,yes,no,0,0.0035335689045936395,282,Churned
False,313.8,87,147.7,3,no,yes,31,0.010169491525423728,294,Not Churned
False,288.5,114,203.4,1,yes,yes,25,0.003215434083601286,310,Not Churned
False,210.9,85,329.3,4,no,no,0,0.01680672268907563,237,Not Churned
False,64.9,76,184.1,1,no,yes,35,0.004098360655737705,243,Not Churned
False,243.5,137,236.8,1,no,yes,26,0.0024752475247524753,403,Not Churned
False,197.0,97,203.7,3,no,no,0,0.009584664536741214,312,Not Churned
False,278.0,88,253.2,0,no,yes,31,0.0,271,Not Churned
False,219.9,102,222.1,1,no,yes,37,0.003389830508474576,294,Not Churned
True,313.2,103,216.3,2,no,no,0,0.005479452054794521,364,Churned
False,145.7,88,191.0,0,no,yes,16,0.0,306,Not Churned
False,75.8,102,173.6,0,no,yes,37,0.0,358,Not Churned
False,195.9,86,228.6,3,no,no,0,0.011235955056179775,266,Not Churned
False,132.0,95,231.2,1,no,no,0,0.003472222222222222,287,Not Churned
False,124.0,102,262.1,2,no,no,0,0.006578947368421052,303,Not Churned
False,171.9,98,159.0,2,no,no,0,0.006060606060606061,329,Not Churned
False,249.4,70,209.5,4,no,yes,31,0.01932367149758454,206,Not Churned
False,228.4,100,145.1,0,yes,no,0,0.0,355,Not Churned
False,168.6,71,205.1,3,no,no,0,0.014285714285714285,209,Not Churned
False,123.7,138,248.5,0,no,no,0,0.0,325,Not Churned
False,178.7,61,252.3,1,no,no,0,0.004424778761061947,225,Not Churned
False,113.2,86,185.5,1,no,no,0,0.0029940119760479044,333,Not Churned
False,142.4,106,313.7,2,no,yes,25,0.0058997050147492625,338,Not Churned
False,204.2,57,205.9,0,no,yes,38,0.0,233,Not Churned
False,149.7,71,212.5,3,no,no,0,0.0125,239,Not Churned
True,227.1,116,120.5,5,no,no,0,0.015337423312883436,325,Churned
False,155.3,75,169.9,2,no,no,0,0.006644518272425249,300,Not Churned
False,156.4,105,185.5,1,no,no,0,0.0033003300330033004,302,Not Churned
False,148.7,105,167.3,0,no,yes,42,0.0,322,Not Churned
False,271.7,112,155.1,3,no,no,0,0.00967741935483871,309,Not Churned
False,193.7,74,126.9,0,no,no,0,0.0,328,Not Churned
False,245.5,54,292.7,1,yes,yes,23,0.00425531914893617,234,Not Churned
True,245.3,108,259.9,3,no,no,0,0.00819672131147541,365,Churned
False,196.1,87,236.8,0,no,no,0,0.0,229,Not Churned
False,134.1,112,195.1,2,no,no,0,0.00558659217877095,357,Not Churned
False,225.0,78,191.3,1,yes,yes,31,0.004166666666666667,239,Not Churned
False,189.7,100,115.9,0,no,no,0,0.0,352,Not Churned
False,142.9,96,177.9,0,no,no,0,0.0,313,Not Churned
False,175.6,80,238.0,1,no,no,0,0.0035211267605633804,283,Not Churned
False,92.4,109,219.0,2,no,no,0,0.006472491909385114,308,Not Churned
False,92.8,92,159.6,1,no,no,0,0.0033333333333333335,299,Not Churned
False,221.7,100,236.1,0,no,yes,27,0.0,265,Not Churned
False,159.6,94,276.8,0,no,no,0,0.0,280,Not Churned
False,144.5,107,180.5,2,no,no,0,0.006825938566552901,292,Not Churned
False,159.1,100,202.5,2,no,no,0,0.006825938566552901,292,Not Churned
False,49.9,123,150.7,2,no,no,0,0.007246376811594203,275,Not Churned
False,116.9,120,232.4,0,no,yes,32,0.0,338,Not Churned
False,150.0,98,89.8,3,no,no,0,0.010416666666666666,287,Not Churned
False,254.4,120,159.3,1,no,no,0,0.003205128205128205,311,Not Churned
False,270.7,53,200.7,3,no,yes,33,0.01090909090909091,274,Not Churned
False,207.0,112,173.8,1,no,no,0,0.003663003663003663,272,Not Churned
False,145.3,89,303.8,0,yes,no,0,0.0,268,Not Churned
False,230.7,102,233.8,3,no,yes,25,0.009868421052631578,303,Not Churned
False,151.5,104,242.2,1,no,no,0,0.0030303030303030303,329,Not Churned
False,146.1,57,196.2,0,no,no,0,0.0,267,Not Churned
False,256.0,111,187.4,3,no,no,0,0.011627906976744186,257,Not Churned
False,200.2,105,244.4,3,no,yes,35,0.010169491525423728,294,Not Churned
False,150.7,52,246.7,2,no,no,0,0.007380073800738007,270,Not Churned
False,186.0,107,66.0,1,yes,no,0,0.003215434083601286,310,Not Churned
False,212.9,110,187.0,3,no,no,0,0.011811023622047244,253,Not Churned
False,194.8,133,213.4,0,no,no,0,0.0,305,Not Churned
False,272.5,105,253.0,3,no,yes,30,0.009433962264150943,317,Not Churned
False,135.1,109,205.2,1,no,no,0,0.0030120481927710845,331,Not Churned
False,154.6,56,263.0,1,no,no,0,0.004310344827586207,231,Not Churned
False,230.5,116,265.8,5,no,yes,35,0.015527950310559006,321,Not Churned
False,165.4,84,203.7,1,no,no,0,0.003875968992248062,257,Not Churned
True,143.3,120,230.7,4,no,no,0,0.012307692307692308,324,Churned
True,271.1,108,237.0,2,no,no,0,0.00558659217877095,357,Churned
False,253.5,104,117.9,0,no,no,0,0.0,333,Not Churned
True,167.1,77,131.8,6,no,no,0,0.0234375,255,Churned
False,168.3,96,87.6,1,no,no,0,0.0035587188612099642,280,Not Churned
False,104.7,115,249.8,1,no,no,0,0.002770083102493075,360,Not Churned
False,135.4,101,238.1,1,no,no,0,0.0030303030303030303,329,Not Churned
False,191.4,102,361.8,1,no,yes,34,0.003003003003003003,332,Not Churned
False,158.7,90,198.4,1,no,no,0,0.003472222222222222,287,Not Churned
False,144.8,84,164.9,2,no,no,0,0.006557377049180328,304,Not Churned
False,98.8,97,146.9,3,no,no,0,0.01090909090909091,274,Not Churned
True,157.8,71,203.2,3,yes,no,0,0.011111111111111112,269,Churned
False,163.0,107,312.8,1,no,yes,37,0.0031645569620253164,315,Not Churned
False,181.6,119,335.7,4,no,no,0,0.012987012987012988,307,Not Churned
False,129.0,78,188.0,2,no,no,0,0.006666666666666667,299,Not Churned
False,86.0,83,260.7,1,no,no,0,0.0035335689045936395,282,Not Churned
False,193.9,71,189.8,0,no,yes,17,0.0,256,Not Churned
False,109.4,107,244.7,0,no,no,0,0.0,339,Not Churned
False,188.9,105,153.6,2,no,no,0,0.006060606060606061,329,Not Churned
True,179.9,72,170.0,1,yes,no,0,0.003816793893129771,261,Churned
False,183.4,98,281.3,1,no,no,0,0.0031746031746031746,314,Not Churned
False,288.1,101,137.9,0,no,no,0,0.0,282,Not Churned
False,169.2,96,149.9,2,no,no,0,0.006600660066006601,302,Not Churned
True,195.5,113,171.6,1,yes,yes,29,0.003289473684210526,303,Churned
False,264.4,102,219.6,2,no,yes,20,0.006289308176100629,317,Not Churned
False,207.7,116,210.6,0,no,no,0,0.0,308,Not Churned
False,169.5,151,112.9,0,no,no,0,0.0,338,Not Churned
False,141.5,102,263.0,2,no,no,0,0.006369426751592357,313,Not Churned
False,154.8,71,244.0,0,no,no,0,0.0,229,Not Churned
False,133.5,51,219.6,1,yes,no,0,0.004424778761061947,225,Not Churned
True,273.2,85,211.1,2,no,no,0,0.006578947368421052,303,Churned
False,224.6,94,225.9,2,no,no,0,0.006097560975609756,327,Not Churned
True,273.8,97,289.7,2,no,no,0,0.006006006006006006,332,Churned
True,159.5,103,275.5,1,no,no,0,0.003105590062111801,321,Churned
False,104.0,92,197.0,0,no,no,0,0.0,348,Not Churned
False,115.4,90,217.4,1,no,yes,31,0.0036363636363636364,274,Not Churned
False,222.1,107,199.4,2,no,no,0,0.00625,319,Not Churned
False,116.4,98,95.6,3,no,no,0,0.011111111111111112,269,Not Churned
False,217.7,118,231.7,3,no,no,0,0.008,374,Not Churned
False,129.4,84,157.3,0,no,no,0,0.0,253,Not Churned
False,161.8,73,273.0,0,no,yes,33,0.0,211,Not Churned
False,198.8,122,238.6,1,no,yes,29,0.003215434083601286,310,Not Churned
False,147.8,85,147.4,1,no,yes,45,0.003401360544217687,293,Not Churned
False,262.3,114,198.9,3,no,no,0,0.00980392156862745,305,Not Churned
False,246.4,83,160.3,1,no,no,0,0.0035971223021582736,277,Not Churned
True,174.3,123,140.2,4,no,no,0,0.011661807580174927,342,Churned
False,183.4,111,168.8,4,no,no,0,0.012861736334405145,310,Not Churned
False,191.9,95,200.9,1,no,no,0,0.0036496350364963502,273,Not Churned
False,187.8,109,154.6,2,no,no,0,0.00641025641025641,311,Not Churned
False,259.7,106,152.7,0,no,no,0,0.0,316,Not Churned
False,180.4,123,194.0,0,yes,no,0,0.0,314,Not Churned
False,51.8,107,230.2,2,no,no,0,0.005988023952095809,333,Not Churned
True,303.9,106,232.2,1,no,no,0,0.004166666666666667,239,Churned
True,123.7,125,172.6,1,no,yes,36,0.0027548209366391185,362,Churned
False,206.2,122,164.5,3,no,no,0,0.009230769230769232,324,Not Churned
False,164.3,92,233.7,2,no,no,0,0.006557377049180328,304,Not Churned
True,228.6,117,132.8,9,no,no,0,0.02452316076294278,366,Churned
False,200.4,80,131.1,1,no,yes,22,0.004219409282700422,236,Not Churned
False,154.3,107,183.0,0,no,no,0,0.0,360,Not Churned
False,122.9,93,233.5,2,no,yes,30,0.006042296072507553,330,Not Churned
False,220.8,100,265.7,0,yes,no,0,0.0,303,Not Churned
False,214.6,78,251.7,0,no,no,0,0.0,266,Not Churned
True,202.0,123,184.3,2,yes,no,0,0.006825938566552901,292,Churned
True,209.5,108,109.6,6,no,yes,32,0.018518518518518517,323,Churned
True,297.9,141,238.1,1,no,no,0,0.002881844380403458,346,Churned
True,212.8,102,189.8,0,no,no,0,0.0,348,Churned
False,145.6,102,284.7,0,no,no,0,0.0,309,Not Churned
False,152.9,87,213.2,2,no,yes,19,0.006514657980456026,306,Not Churned
False,125.4,158,269.1,1,no,no,0,0.002840909090909091,351,Not Churned
False,138.3,96,80.6,0,no,yes,25,0.0,266,Not Churned
False,189.3,157,174.9,3,no,no,0,0.008571428571428572,349,Not Churned
False,199.3,86,194.8,4,no,no,0,0.014652014652014652,272,Not Churned
False,247.5,99,108.5,2,yes,no,0,0.006825938566552901,292,Not Churned
True,294.9,71,192.8,1,no,no,0,0.004132231404958678,241,Churned
False,175.4,99,155.3,1,no,no,0,0.003676470588235294,271,Not Churned
False,179.4,70,143.0,1,no,no,0,0.0035460992907801418,281,Not Churned
False,126.8,94,293.6,0,yes,yes,39,0.0,304,Not Churned
True,239.7,87,281.7,1,yes,no,0,0.003401360544217687,293,Churned
True,143.0,101,212.2,5,no,yes,33,0.01524390243902439,327,Churned
False,91.9,109,198.4,2,no,no,0,0.0056657223796034,352,Not Churned
False,210.4,80,176.6,1,no,no,0,0.004219409282700422,236,Not Churned
True,201.3,130,203.7,1,no,yes,29,0.0027397260273972603,364,Churned
False,145.6,59,287.9,2,no,no,0,0.006329113924050633,315,Not Churned
True,203.5,82,200.3,1,yes,yes,31,0.003663003663003663,272,Churned
False,232.4,76,153.3,1,no,no,0,0.0034602076124567475,288,Not Churned
False,86.5,119,285.2,2,no,yes,8,0.005681818181818182,351,Not Churned
False,109.9,102,220.8,0,no,no,0,0.0,355,Not Churned
False,156.0,88,276.1,1,no,no,0,0.0037174721189591076,268,Not Churned
True,326.3,112,165.1,1,no,no,0,0.003115264797507788,320,Churned
False,195.0,58,198.5,0,no,no,0,0.0,265,Not Churned
False,110.0,91,147.3,0,yes,no,0,0.0,246,Not Churned
True,147.1,119,161.0,5,no,no,0,0.014705882352941176,339,Churned
False,156.0,141,256.8,2,no,no,0,0.005847953216374269,341,Not Churned
False,98.2,99,186.7,2,no,no,0,0.007017543859649123,284,Not Churned
False,210.6,120,153.1,0,no,no,0,0.0,288,Not Churned
True,239.9,120,261.6,2,no,no,0,0.006644518272425249,300,Churned
True,159.9,94,179.9,2,yes,no,0,0.006802721088435374,293,Churned
True,197.8,66,133.9,4,no,no,0,0.014134275618374558,282,Churned
False,115.4,98,166.2,2,no,yes,36,0.00749063670411985,266,Not Churned
False,123.8,113,236.2,0,no,no,0,0.0,273,Not Churned
False,117.6,97,196.3,1,no,yes,15,0.0029411764705882353,339,Not Churned
False,105.3,82,197.4,2,no,yes,28,0.006920415224913495,288,Not Churned
False,111.7,121,237.3,1,no,no,0,0.0028011204481792717,356,Not Churned
False,159.3,104,202.3,2,no,no,0,0.007168458781362007,278,Not Churned
True,81.7,123,210.2,6,no,no,0,0.020066889632107024,298,Churned
False,238.0,88,209.6,2,no,yes,21,0.007326007326007326,272,Not Churned
False,128.1,99,247.7,0,no,yes,40,0.0,301,Not Churned
False,171.2,104,193.6,1,no,yes,31,0.0037313432835820895,267,Not Churned
True,109.0,88,259.3,4,no,no,0,0.012084592145015106,330,Churned
False,220.0,114,207.7,2,no,no,0,0.006042296072507553,330,Not Churned
False,55.6,65,242.7,0,no,no,0,0.0,324,Not Churned
False,286.6,79,315.3,1,no,yes,23,0.0034602076124567475,288,Not Churned
False,207.6,96,229.0,1,no,no,0,0.0029239766081871343,341,Not Churned
True,109.6,108,249.3,4,no,yes,31,0.012012012012012012,332,Churned
False,197.2,113,242.3,2,no,no,0,0.006430868167202572,310,Not Churned
False,175.7,120,168.6,1,no,no,0,0.003076923076923077,324,Not Churned
False,205.2,115,184.8,0,no,no,0,0.0,373,Not Churned
False,193.1,104,111.6,1,no,yes,13,0.0033222591362126247,300,Not Churned
False,232.6,121,153.2,3,no,yes,34,0.00946372239747634,316,Not Churned
False,102.7,89,149.3,0,no,no,0,0.0,308,Not Churned
False,263.1,70,279.3,5,no,yes,31,0.01488095238095238,335,Not Churned
False,197.0,79,201.0,1,no,no,0,0.0032258064516129032,309,Not Churned
False,169.3,90,156.0,2,no,no,0,0.005865102639296188,340,Not Churned
False,201.5,123,129.2,1,no,no,0,0.002976190476190476,335,Not Churned
False,251.0,119,91.2,3,no,no,0,0.00980392156862745,305,Not Churned
False,230.4,117,225.0,3,no,no,0,0.008928571428571428,335,Not Churned
False,109.8,120,230.5,1,no,no,0,0.0031645569620253164,315,Not Churned
True,279.5,118,203.2,2,no,no,0,0.005934718100890208,336,Churned
False,173.4,107,222.0,1,no,no,0,0.003424657534246575,291,Not Churned
False,214.4,93,211.7,1,no,yes,38,0.004201680672268907,237,Not Churned
False,96.1,103,246.8,1,no,no,0,0.0029940119760479044,333,Not Churned
False,101.4,145,249.1,1,no,no,0,0.0026666666666666666,374,Not Churned
False,232.5,74,181.8,4,no,no,0,0.012944983818770227,308,Not Churned
False,174.5,120,217.5,1,no,yes,45,0.0035087719298245615,284,Not Churned
False,224.0,126,233.5,1,no,yes,23,0.0030864197530864196,323,Not Churned
False,211.1,99,176.7,4,no,no,0,0.01486988847583643,268,Not Churned
False,109.2,96,153.1,2,no,no,0,0.007042253521126761,283,Not Churned
False,220.0,95,179.9,0,no,no,0,0.0,330,Not Churned
False,181.4,98,164.5,2,no,no,0,0.006430868167202572,310,Not Churned
False,180.7,82,173.7,2,no,yes,11,0.007518796992481203,265,Not Churned
False,96.5,109,145.8,1,no,yes,32,0.0033003300330033004,302,Not Churned
False,183.5,93,170.5,3,no,no,0,0.011235955056179775,266,Not Churned
False,107.9,90,140.4,0,no,yes,38,0.0,265,Not Churned
False,161.0,96,244.9,1,yes,no,0,0.003472222222222222,287,Not Churned
True,146.8,128,285.6,1,yes,yes,41,0.003257328990228013,306,Churned
False,149.2,146,161.9,3,no,no,0,0.008174386920980926,366,Not Churned
False,227.8,124,169.5,3,no,no,0,0.009036144578313253,331,Not Churned
False,160.3,87,202.4,0,no,yes,23,0.0,313,Not Churned
True,137.8,120,225.8,1,no,no,0,0.0030120481927710845,331,Churned
False,141.7,87,268.3,0,no,yes,40,0.0,251,Not Churned
False,196.4,115,150.3,0,no,yes,22,0.0,300,Not Churned
False,175.2,74,151.7,1,no,no,0,0.0037593984962406013,265,Not Churned
False,146.8,133,171.7,1,no,no,0,0.0035842293906810036,278,Not Churned
False,173.9,111,287.4,1,no,no,0,0.0031746031746031746,314,Not Churned
False,305.2,80,156.5,1,no,yes,34,0.0035971223021582736,277,Not Churned
True,162.3,91,279.3,3,yes,yes,29,0.009868421052631578,303,Churned
False,150.0,106,293.8,3,yes,no,0,0.009933774834437087,301,Not Churned
False,197.5,114,206.9,1,no,no,0,0.002881844380403458,346,Not Churned
False,240.2,67,153.0,2,no,no,0,0.00819672131147541,243,Not Churned
False,186.2,117,286.7,2,no,yes,30,0.0064516129032258064,309,Not Churned
False,116.9,127,276.5,0,no,yes,39,0.0,342,Not Churned
False,236.7,95,263.5,1,no,yes,17,0.0038022813688212928,262,Not Churned
False,173.2,93,131.2,0,no,no,0,0.0,280,Not Churned
False,152.2,114,137.2,0,no,no,0,0.0,316,Not Churned
False,181.3,135,182.4,0,no,no,0,0.0,348,Not Churned
True,167.8,72,211.0,4,no,no,0,0.013937282229965157,286,Churned
False,175.4,125,250.7,1,no,no,0,0.0033783783783783786,295,Not Churned
False,87.6,112,266.9,2,no,no,0,0.005988023952095809,333,Not Churned
False,203.3,45,141.9,0,no,no,0,0.0,209,Not Churned
True,92.6,95,161.9,5,no,no,0,0.020242914979757085,246,Churned
False,262.9,135,149.5,1,no,yes,21,0.002898550724637681,344,Not Churned
False,160.8,91,155.8,1,no,no,0,0.0035714285714285713,279,Not Churned
False,141.8,116,167.3,1,no,yes,22,0.0028653295128939827,348,Not Churned
False,50.6,62,201.4,2,no,yes,32,0.007272727272727273,274,Not Churned
False,134.9,59,156.0,1,no,no,0,0.00303951367781155,328,Not Churned
False,252.1,110,226.1,1,no,no,0,0.0033333333333333335,299,Not Churned
False,215.5,95,241.8,1,no,yes,41,0.0033444816053511705,298,Not Churned
False,124.8,66,257.2,0,no,no,0,0.0,270,Not Churned
False,178.7,114,271.0,2,no,no,0,0.0064516129032258064,309,Not Churned
False,183.2,131,179.2,2,no,no,0,0.0064516129032258064,309,Not Churned
False,167.5,96,139.1,1,no,no,0,0.0034602076124567475,288,Not Churned
False,147.1,105,200.0,3,no,no,0,0.009523809523809525,314,Not Churned
False,230.1,107,212.0,1,no,no,0,0.002849002849002849,350,Not Churned
False,135.8,125,163.2,0,no,no,0,0.0,322,Not Churned
False,205.7,98,136.1,2,no,yes,20,0.0056179775280898875,355,Not Churned
False,73.8,105,143.4,2,no,no,0,0.006230529595015576,320,Not Churned
False,189.3,119,233.5,2,no,no,0,0.005934718100890208,336,Not Churned
False,147.2,115,161.9,3,no,no,0,0.008620689655172414,347,Not Churned
False,137.3,95,184.2,0,no,yes,42,0.0,262,Not Churned
False,70.7,125,211.0,2,no,no,0,0.005780346820809248,345,Not Churned
False,204.6,117,205.2,0,no,no,0,0.0,300,Not Churned
True,123.1,88,213.9,5,no,no,0,0.019011406844106463,262,Churned
False,129.7,115,160.8,2,no,yes,19,0.007067137809187279,282,Not Churned
False,198.7,70,209.5,0,yes,no,0,0.0,306,Not Churned
False,145.1,116,233.7,2,no,no,0,0.006688963210702341,298,Not Churned
False,135.2,101,152.5,2,no,no,0,0.007434944237918215,268,Not Churned
False,124.7,105,250.4,1,no,yes,28,0.003125,319,Not Churned
False,215.9,76,145.4,1,no,no,0,0.003048780487804878,327,Not Churned
False,119.2,142,228.4,2,no,no,0,0.005681818181818182,351,Not Churned
False,144.3,116,156.4,3,no,no,0,0.010309278350515464,290,Not Churned
False,235.2,121,220.6,1,no,no,0,0.003289473684210526,303,Not Churned
False,174.0,57,281.1,0,no,no,0,0.0,271,Not Churned
True,115.0,65,122.3,0,yes,no,0,0.0,237,Churned
False,151.7,93,178.5,2,no,no,0,0.006896551724137931,289,Not Churned
False,153.1,102,234.1,3,no,no,0,0.011406844106463879,262,Not Churned
False,218.6,93,149.9,2,no,no,0,0.005555555555555556,359,Not Churned
False,265.2,122,178.7,2,no,no,0,0.006172839506172839,323,Not Churned
False,143.3,134,180.5,1,no,no,0,0.0029498525073746312,338,Not Churned
False,190.3,98,252.7,2,no,no,0,0.007272727272727273,274,Not Churned
True,184.7,60,262.0,2,no,no,0,0.007692307692307693,259,Churned
False,115.3,99,224.7,1,no,no,0,0.0031545741324921135,316,Not Churned
True,113.0,108,169.2,2,no,no,0,0.0070921985815602835,281,Churned
True,294.2,100,232.5,0,no,no,0,0.0,218,Churned
False,215.6,86,167.8,3,no,no,0,0.013574660633484163,220,Not Churned
False,128.8,80,208.7,1,no,no,0,0.0035211267605633804,283,Not Churned
True,211.2,117,312.5,3,yes,yes,28,0.008928571428571428,335,Churned
False,71.2,82,181.6,1,no,yes,24,0.003355704697986577,297,Not Churned
False,94.9,121,253.2,2,no,no,0,0.006825938566552901,292,Not Churned
True,259.4,116,269.7,1,no,no,0,0.002785515320334262,358,Churned
False,215.8,123,285.2,1,no,yes,28,0.0035587188612099642,280,Not Churned
False,97.5,113,268.1,3,no,no,0,0.012048192771084338,248,Not Churned
False,146.5,121,169.9,0,no,no,0,0.0,363,Not Churned
False,157.9,72,234.0,2,no,no,0,0.007782101167315175,256,Not Churned
False,139.9,117,223.6,2,no,no,0,0.006430868167202572,310,Not Churned
False,153.2,112,263.3,1,no,yes,21,0.0031746031746031746,314,Not Churned
False,103.5,134,319.3,2,yes,no,0,0.0053475935828877,373,Not Churned
False,185.8,119,192.3,1,no,no,0,0.0033003300330033004,302,Not Churned
False,129.5,56,354.2,1,no,no,0,0.0036900369003690036,270,Not Churned
False,236.6,91,220.9,1,no,no,0,0.002824858757062147,353,Not Churned
False,260.4,107,208.2,6,no,no,0,0.0182370820668693,328,Not Churned
False,167.3,100,163.9,2,no,no,0,0.007017543859649123,284,Not Churned
False,182.2,101,212.3,2,no,no,0,0.006172839506172839,323,Not Churned
False,113.0,80,150.1,2,no,no,0,0.006968641114982578,286,Not Churned
False,185.7,133,235.1,0,no,no,0,0.0,366,Not Churned
False,136.2,114,165.1,0,no,no,0,0.0,308,Not Churned
False,222.6,81,190.3,1,no,yes,29,0.0035714285714285713,279,Not Churned
False,197.3,67,264.5,1,no,no,0,0.0033783783783783786,295,Not Churned
False,141.4,130,186.4,1,no,yes,33,0.0027624309392265192,361,Not Churned
False,208.0,69,95.1,1,no,no,0,0.003289473684210526,303,Not Churned
False,118.5,92,177.8,1,no,no,0,0.003289473684210526,303,Not Churned
False,153.2,65,229.7,1,no,no,0,0.003875968992248062,257,Not Churned
False,108.3,87,183.6,0,no,no,0,0.0,314,Not Churned
False,168.6,92,187.7,2,no,no,0,0.006600660066006601,302,Not Churned
True,247.2,116,303.7,2,no,no,0,0.006329113924050633,315,Churned
False,224.2,81,243.3,3,yes,no,0,0.012195121951219513,245,Not Churned
False,166.9,98,221.8,3,no,no,0,0.01020408163265306,293,Not Churned
False,118.4,100,144.1,1,no,yes,43,0.0032679738562091504,305,Not Churned
False,190.9,62,226.6,2,no,no,0,0.009302325581395349,214,Not Churned
True,317.8,60,152.9,1,no,no,0,0.004329004329004329,230,Churned
True,312.0,112,180.0,1,no,no,0,0.003125,319,Churned
False,146.0,121,203.0,1,no,no,0,0.0025974025974025974,384,Not Churned
True,131.6,95,179.3,1,no,no,0,0.002967359050445104,336,Churned
False,193.4,105,231.6,2,no,yes,33,0.006993006993006993,285,Not Churned
False,185.1,92,213.0,2,no,no,0,0.007462686567164179,267,Not Churned
False,193.3,106,169.0,0,no,no,0,0.0,382,Not Churned
False,146.4,107,196.5,1,no,no,0,0.0031746031746031746,314,Not Churned
False,71.2,90,304.4,0,no,no,0,0.0,316,Not Churned
True,123.2,104,190.0,4,no,no,0,0.012422360248447204,321,Churned
False,205.0,90,140.9,2,no,no,0,0.006557377049180328,304,Not Churned
False,128.7,78,240.8,1,no,no,0,0.0029498525073746312,338,Not Churned
False,216.9,78,211.0,3,no,no,0,0.009523809523809525,314,Not Churned
False,150.0,122,218.5,3,no,no,0,0.00911854103343465,328,Not Churned
False,164.1,106,206.0,1,no,no,0,0.0034602076124567475,288,Not Churned
False,212.0,113,226.6,3,no,no,0,0.008264462809917356,362,Not Churned
False,167.3,99,194.7,2,no,yes,37,0.00625,319,Not Churned
False,154.4,130,217.2,1,no,no,0,0.003472222222222222,287,Not Churned
False,177.3,95,211.8,3,no,yes,30,0.009584664536741214,312,Not Churned
True,231.2,141,267.8,1,no,no,0,0.0026109660574412533,382,Churned
False,202.9,100,178.6,5,no,no,0,0.018796992481203006,265,Not Churned
False,149.6,120,200.7,0,no,no,0,0.0,321,Not Churned
True,345.3,81,203.4,1,yes,no,0,0.0033003300330033004,302,Churned
True,264.9,80,281.2,1,no,no,0,0.004329004329004329,230,Churned
False,122.0,92,138.3,1,no,no,0,0.0029411764705882353,339,Not Churned
False,177.2,88,270.4,2,no,no,0,0.007142857142857143,279,Not Churned
False,133.1,80,206.5,1,no,no,0,0.003278688524590164,304,Not Churned
True,225.1,90,279.5,0,no,no,0,0.0,324,Churned
False,208.4,120,174.4,1,no,no,0,0.00303951367781155,328,Not Churned
False,173.1,107,247.2,1,no,yes,30,0.0031446540880503146,317,Not Churned
True,162.4,131,167.0,2,yes,no,0,0.005649717514124294,353,Churned
False,281.2,93,178.2,2,no,yes,13,0.0060790273556231,328,Not Churned
False,208.3,89,169.4,3,no,no,0,0.01195219123505976,250,Not Churned
False,243.4,126,273.8,2,no,yes,38,0.005970149253731343,334,Not Churned
True,224.2,89,314.9,1,no,no,0,0.0029850746268656717,334,Churned
False,189.3,100,239.3,3,no,no,0,0.01,299,Not Churned
False,168.3,124,270.9,4,no,yes,46,0.012195121951219513,327,Not Churned
False,232.9,90,152.1,1,no,yes,24,0.003663003663003663,272,Not Churned
False,155.0,98,142.4,1,no,yes,37,0.003076923076923077,324,Not Churned
False,154.4,130,203.8,0,no,no,0,0.0,282,Not Churned
False,234.7,102,195.7,2,no,no,0,0.00684931506849315,291,Not Churned
False,240.0,88,141.0,1,no,no,0,0.002840909090909091,351,Not Churned
True,298.4,78,270.5,0,yes,no,0,0.0,306,Churned
False,166.0,102,236.1,1,no,no,0,0.003367003367003367,296,Not Churned
False,111.6,140,213.3,0,no,yes,33,0.0,369,Not Churned
False,174.5,98,180.2,2,no,no,0,0.006825938566552901,292,Not Churned
False,175.5,137,210.6,1,yes,yes,27,0.0030864197530864196,323,Not Churned
True,157.5,109,189.6,3,yes,yes,35,0.011764705882352941,254,Churned
False,206.2,113,176.4,1,no,no,0,0.0029239766081871343,341,Not Churned
False,207.5,138,201.0,4,no,yes,35,0.010582010582010581,377,Not Churned
False,144.8,105,206.2,4,no,yes,16,0.011904761904761904,335,Not Churned
False,258.8,85,129.5,2,no,no,0,0.006389776357827476,312,Not Churned
True,226.9,106,182.2,0,no,no,0,0.0,292,Churned
False,152.9,119,171.2,2,no,no,0,0.005917159763313609,337,Not Churned
False,156.7,51,236.5,2,no,yes,27,0.006968641114982578,286,Not Churned
False,150.8,85,295.9,1,no,no,0,0.0035842293906810036,278,Not Churned
False,221.0,126,204.5,4,no,no,0,0.011834319526627219,337,Not Churned
True,322.4,92,283.2,1,no,yes,32,0.0031847133757961785,313,Churned
False,153.6,148,262.1,2,no,no,0,0.005917159763313609,337,Not Churned
False,215.1,91,138.9,2,no,yes,22,0.006557377049180328,304,Not Churned
False,174.4,108,196.7,1,no,yes,35,0.0034965034965034965,285,Not Churned
False,180.5,126,230.0,0,no,no,0,0.0,300,Not Churned
False,123.1,106,182.0,2,no,no,0,0.006872852233676976,290,Not Churned
False,165.7,94,257.4,1,no,no,0,0.0034129692832764505,292,Not Churned
False,200.2,92,118.7,2,no,no,0,0.00796812749003984,250,Not Churned
False,154.8,82,287.7,3,no,no,0,0.010676156583629894,280,Not Churned
False,125.4,116,261.5,2,no,no,0,0.006153846153846154,324,Not Churned
False,184.2,111,312.6,1,no,yes,33,0.0038461538461538464,259,Not Churned
False,274.7,99,193.5,3,no,yes,24,0.00909090909090909,329,Not Churned
False,142.0,140,241.6,1,yes,yes,39,0.003257328990228013,306,Not Churned
False,151.5,99,147.8,1,yes,yes,21,0.003257328990228013,306,Not Churned
False,124.8,114,133.0,3,no,no,0,0.009146341463414634,327,Not Churned
False,179.2,85,222.9,0,no,no,0,0.0,266,Not Churned
True,246.4,110,182.0,2,yes,no,0,0.006309148264984227,316,Churned
False,232.7,114,186.4,5,no,no,0,0.01366120218579235,365,Not Churned
True,288.0,120,255.8,0,no,no,0,0.0,313,Churned
False,170.8,145,236.7,1,no,yes,23,0.0029411764705882353,339,Not Churned
False,216.1,114,197.5,1,no,no,0,0.00303951367781155,328,Not Churned
False,138.7,100,215.4,2,no,no,0,0.007662835249042145,260,Not Churned
False,210.7,112,238.7,3,no,no,0,0.010676156583629894,280,Not Churned
False,181.8,117,158.1,0,no,no,0,0.0,340,Not Churned
False,61.6,103,255.1,1,no,yes,30,0.0031746031746031746,314,Not Churned
False,207.7,85,196.7,1,no,no,0,0.0035211267605633804,283,Not Churned
False,219.2,73,167.0,1,no,no,0,0.0038022813688212928,262,Not Churned
False,227.0,122,258.7,2,no,no,0,0.006211180124223602,321,Not Churned
False,245.9,73,240.1,3,no,no,0,0.011764705882352941,254,Not Churned
False,257.3,84,184.8,0,no,no,0,0.0,315,Not Churned
False,121.1,130,216.0,2,no,no,0,0.00784313725490196,254,Not Churned
True,301.5,136,257.7,4,no,no,0,0.0121580547112462,328,Churned
False,233.9,96,218.9,0,no,no,0,0.0,319,Not Churned
True,99.6,108,308.7,2,yes,no,0,0.007168458781362007,278,Churned
False,169.8,123,183.1,2,no,no,0,0.006734006734006734,296,Not Churned
True,198.8,115,166.6,1,yes,yes,26,0.003289473684210526,303,Churned
False,116.2,86,229.7,3,yes,no,0,0.009202453987730062,325,Not Churned
True,255.9,128,140.9,1,yes,no,0,0.0028328611898017,352,Churned
False,187.7,84,221.0,3,no,yes,27,0.008670520231213872,345,Not Churned
False,195.9,91,213.9,0,no,yes,21,0.0,290,Not Churned
False,129.4,97,185.4,2,no,no,0,0.006514657980456026,306,Not Churned
False,221.0,108,151.0,2,no,yes,12,0.006389776357827476,312,Not Churned
False,140.5,92,186.8,2,no,no,0,0.007067137809187279,282,Not Churned
True,277.9,123,155.8,0,yes,no,0,0.0,316,Churned
True,224.9,105,250.0,3,no,no,0,0.010526315789473684,284,Churned
False,109.1,117,217.4,0,no,no,0,0.0,388,Not Churned
False,207.8,109,123.5,0,no,no,0,0.0,345,Not Churned
False,205.9,96,257.1,0,no,no,0,0.0,261,Not Churned
True,308.6,139,150.8,4,no,no,0,0.013201320132013201,302,Churned
False,242.6,69,209.0,2,no,no,0,0.007272727272727273,274,Not Churned
False,229.6,82,138.1,1,no,no,0,0.003355704697986577,297,Not Churned
False,166.0,62,233.9,2,no,yes,28,0.008403361344537815,237,Not Churned
True,144.8,126,200.6,0,no,no,0,0.0,298,Churned
False,106.1,77,123.5,0,yes,no,0,0.0,272,Not Churned
False,221.8,84,166.0,1,no,no,0,0.0034965034965034965,285,Not Churned
False,204.6,98,212.5,2,no,no,0,0.006872852233676976,290,Not Churned
False,213.5,93,166.6,3,no,no,0,0.010380622837370242,288,Not Churned
False,152.0,95,274.9,2,no,yes,44,0.006872852233676976,290,Not Churned
True,260.8,81,163.7,1,yes,yes,29,0.0031545741324921135,316,Churned
False,166.4,117,317.0,1,no,no,0,0.002702702702702703,369,Not Churned
False,177.9,83,167.3,0,no,no,0,0.0,317,Not Churned
False,235.1,97,196.8,3,no,no,0,0.009404388714733543,318,Not Churned
False,186.8,92,173.7,2,no,no,0,0.005698005698005698,350,Not Churned
False,268.4,81,174.4,1,yes,no,0,0.003367003367003367,296,Not Churned
False,192.1,95,249.8,3,no,no,0,0.010238907849829351,292,Not Churned
True,240.7,82,269.4,0,no,no,0,0.0,244,Churned
False,179.9,113,149.8,2,no,no,0,0.00641025641025641,311,Not Churned
True,314.1,86,222.4,3,no,no,0,0.009615384615384616,311,Churned
False,162.0,82,324.7,0,no,yes,41,0.0,276,Not Churned
False,175.8,89,274.3,1,no,no,0,0.0035460992907801418,281,Not Churned
False,109.4,91,207.5,0,no,no,0,0.0,314,Not Churned
True,255.1,124,230.6,3,no,no,0,0.009708737864077669,308,Churned
False,208.7,84,173.3,3,yes,no,0,0.01060070671378092,282,Not Churned
False,214.6,108,96.6,1,no,yes,20,0.002932551319648094,340,Not Churned
False,49.2,121,143.9,1,no,no,0,0.002717391304347826,367,Not Churned
False,141.3,133,134.9,2,no,no,0,0.006060606060606061,329,Not Churned
False,253.2,89,237.9,4,no,no,0,0.013513513513513514,295,Not Churned
False,206.0,128,198.1,0,no,no,0,0.0,318,Not Churned
False,40.4,105,172.4,2,no,no,0,0.007142857142857143,279,Not Churned
True,291.2,104,234.2,1,no,no,0,0.0030581039755351682,326,Churned
False,71.2,58,124.7,0,no,yes,31,0.0,274,Not Churned
True,261.8,69,245.0,0,no,no,0,0.0,302,Churned
False,191.3,134,261.5,1,no,no,0,0.0027624309392265192,361,Not Churned
False,133.3,101,255.5,0,no,no,0,0.0,298,Not Churned
False,183.6,138,203.8,2,no,yes,24,0.006230529595015576,320,Not Churned
False,155.2,116,195.5,1,no,yes,30,0.0035587188612099642,280,Not Churned
False,283.1,93,185.4,1,no,yes,28,0.0035971223021582736,277,Not Churned
False,186.5,94,178.0,2,no,yes,50,0.006557377049180328,304,Not Churned
False,163.3,104,136.0,0,no,yes,38,0.0,351,Not Churned
False,203.4,125,182.9,1,no,no,0,0.002967359050445104,336,Not Churned
False,178.1,110,212.8,1,no,yes,19,0.0029411764705882353,339,Not Churned
False,195.9,103,89.1,1,no,no,0,0.0035211267605633804,283,Not Churned
False,295.3,127,127.4,1,no,no,0,0.0029498525073746312,338,Not Churned
False,136.1,82,156.3,2,no,no,0,0.006920415224913495,288,Not Churned
False,114.1,95,161.5,2,no,yes,24,0.0071174377224199285,280,Not Churned
True,279.1,124,180.5,2,no,no,0,0.005747126436781609,347,Churned
False,169.3,111,139.5,0,no,no,0,0.0,270,Not Churned
False,214.4,94,138.0,2,no,no,0,0.005763688760806916,346,Not Churned
False,255.8,125,142.7,0,yes,no,0,0.0,340,Not Churned
False,148.2,71,285.1,2,no,no,0,0.006230529595015576,320,Not Churned
False,119.3,93,223.9,2,no,no,0,0.006191950464396285,322,Not Churned
False,192.3,137,199.9,1,no,yes,27,0.002680965147453083,372,Not Churned
True,245.2,91,217.2,0,no,no,0,0.0,317,Churned
True,216.2,106,363.7,5,yes,no,0,0.015723270440251572,317,Churned
False,172.4,114,256.6,2,no,no,0,0.006944444444444444,287,Not Churned
False,175.3,107,153.3,1,yes,yes,30,0.003205128205128205,311,Not Churned
True,169.0,104,188.8,0,yes,yes,26,0.0,287,Churned
False,2.6,113,254.0,3,no,yes,27,0.007957559681697613,376,Not Churned
False,184.1,143,211.7,1,no,no,0,0.0027247956403269754,366,Not Churned
False,181.9,90,151.5,1,no,no,0,0.0035587188612099642,280,Not Churned
False,160.1,116,210.0,0,no,yes,9,0.0,311,Not Churned
False,189.8,122,173.7,0,no,no,0,0.0,292,Not Churned
False,223.2,142,216.5,1,no,no,0,0.002702702702702703,369,Not Churned
False,216.0,94,225.1,2,no,yes,31,0.006097560975609756,327,Not Churned
False,198.5,124,266.6,2,no,no,0,0.00641025641025641,311,Not Churned
False,159.5,115,195.4,1,no,no,0,0.0030581039755351682,326,Not Churned
True,105.0,78,180.6,2,no,yes,40,0.006756756756756757,295,Churned
False,204.5,108,162.4,3,no,no,0,0.009316770186335404,321,Not Churned
True,274.0,92,231.8,0,no,no,0,0.0,258,Churned
False,158.7,84,181.7,2,no,no,0,0.007905138339920948,252,Not Churned
False,229.9,116,202.4,1,no,no,0,0.0029585798816568047,337,Not Churned
False,137.8,97,187.7,1,no,no,0,0.003257328990228013,306,Not Churned
False,179.4,94,270.4,0,no,no,0,0.0,278,Not Churned
False,139.3,101,178.3,3,no,yes,39,0.009259259259259259,323,Not Churned
False,7.8,86,171.4,2,no,no,0,0.007434944237918215,268,Not Churned
False,183.1,88,147.4,1,no,yes,23,0.0034129692832764505,292,Not Churned
False,206.9,79,262.4,0,no,no,0,0.0,268,Not Churned
False,140.0,106,153.7,2,no,no,0,0.006756756756756757,295,Not Churned
False,179.2,59,283.3,2,no,no,0,0.00796812749003984,250,Not Churned
False,177.4,136,240.3,0,no,no,0,0.0,376,Not Churned
False,115.6,129,167.8,1,no,no,0,0.0027247956403269754,366,Not Churned
True,237.3,103,176.7,0,yes,no,0,0.0,272,Churned
False,181.5,116,187.0,1,no,no,0,0.0029498525073746312,338,Not Churned
False,51.5,90,164.0,3,no,no,0,0.01098901098901099,272,Not Churned
False,155.7,104,185.4,3,no,yes,19,0.008797653958944282,340,Not Churned
False,245.0,88,265.0,2,no,yes,23,0.006557377049180328,304,Not Churned
False,131.7,99,163.1,1,no,no,0,0.003048780487804878,327,Not Churned
False,111.1,126,313.4,1,yes,no,0,0.0032258064516129032,309,Not Churned
False,88.5,100,324.8,3,no,yes,9,0.01,299,Not Churned
False,116.0,85,150.1,1,no,yes,44,0.0032679738562091504,305,Not Churned
False,155.5,81,133.1,1,no,no,0,0.00392156862745098,254,Not Churned
False,106.5,65,225.7,2,no,yes,30,0.008403361344537815,237,Not Churned
False,175.2,68,199.2,1,no,yes,31,0.004048582995951417,246,Not Churned
True,154.7,84,177.8,4,no,no,0,0.013245033112582781,301,Churned
True,247.2,105,225.5,2,no,yes,34,0.00625,319,Churned
True,218.4,93,236.7,0,yes,yes,32,0.0,365,Churned
False,227.5,81,234.9,1,no,yes,24,0.003401360544217687,293,Not Churned
False,185.0,117,249.5,0,no,yes,30,0.0,368,Not Churned
False,186.8,89,253.4,2,no,no,0,0.007936507936507936,251,Not Churned
False,158.8,119,211.8,1,no,no,0,0.00303951367781155,328,Not Churned
False,208.7,150,212.8,0,no,no,0,0.0,356,Not Churned
False,185.9,95,212.0,3,no,no,0,0.010752688172043012,278,Not Churned
False,222.5,74,169.7,2,no,no,0,0.008097165991902834,246,Not Churned
False,201.1,101,170.7,3,no,no,0,0.009868421052631578,303,Not Churned
False,167.9,114,243.7,1,no,yes,17,0.0030864197530864196,323,Not Churned
True,239.1,88,243.5,3,no,no,0,0.011406844106463879,262,Churned
True,175.7,109,211.8,5,no,no,0,0.01567398119122257,318,Churned
True,111.2,90,263.5,6,no,yes,29,0.018575851393188854,322,Churned
False,87.7,74,214.8,1,no,no,0,0.0034965034965034965,285,Not Churned
False,244.1,99,246.9,0,no,no,0,0.0,345,Not Churned
False,165.0,89,127.3,2,no,yes,27,0.006514657980456026,306,Not Churned
False,127.4,110,103.3,0,no,yes,27,0.0,285,Not Churned
False,194.8,106,292.7,0,no,no,0,0.0,294,Not Churned
False,54.7,131,256.1,1,no,no,0,0.0026595744680851063,375,Not Churned
False,283.4,104,224.1,2,no,yes,27,0.0061162079510703364,326,Not Churned
True,258.0,112,246.5,0,yes,no,0,0.0,332,Churned
False,90.5,142,211.7,1,no,no,0,0.0033783783783783786,295,Not Churned
False,235.6,132,115.9,0,no,no,0,0.0,399,Not Churned
False,142.5,82,231.4,2,no,no,0,0.007575757575757576,263,Not Churned
False,54.0,68,179.3,1,no,no,0,0.0036496350364963502,273,Not Churned
False,214.8,87,131.0,3,no,no,0,0.009708737864077669,308,Not Churned
True,251.4,118,196.6,0,yes,no,0,0.0,253,Churned
False,139.0,99,250.7,4,no,no,0,0.013422818791946308,297,Not Churned
False,117.3,114,208.7,2,no,no,0,0.00625,319,Not Churned
False,264.0,108,132.2,3,no,no,0,0.01060070671378092,282,Not Churned
False,82.6,105,204.0,1,no,no,0,0.0030211480362537764,330,Not Churned
False,175.8,126,253.6,1,yes,yes,28,0.0035714285714285713,279,Not Churned
False,220.4,100,211.2,2,no,no,0,0.006666666666666667,299,Not Churned
False,217.0,104,152.3,2,no,no,0,0.006644518272425249,300,Not Churned
False,129.0,77,290.0,1,no,yes,25,0.0033003300330033004,302,Not Churned
False,150.5,106,152.9,1,no,no,0,0.003246753246753247,307,Not Churned
False,193.3,66,263.3,0,no,yes,42,0.0,252,Not Churned
False,189.5,122,103.8,2,no,no,0,0.0060790273556231,328,Not Churned
False,137.8,95,235.5,2,no,yes,33,0.006666666666666667,299,Not Churned
False,129.3,80,142.7,3,no,no,0,0.01090909090909091,274,Not Churned
False,115.6,77,213.6,1,no,no,0,0.00390625,255,Not Churned
False,221.9,114,254.7,2,no,yes,23,0.006230529595015576,320,Not Churned
True,263.7,113,186.5,1,no,no,0,0.003105590062111801,321,Churned
False,61.3,91,194.4,1,no,no,0,0.0036363636363636364,274,Not Churned
False,183.8,113,164.7,1,yes,no,0,0.0031746031746031746,314,Not Churned
True,167.4,68,143.8,0,no,no,0,0.0,256,Churned
False,154.1,122,195.3,4,no,yes,27,0.0110803324099723,360,Not Churned
False,252.0,101,170.2,0,no,no,0,0.0,275,Not Churned
False,163.1,94,291.7,0,yes,no,0,0.0,316,Not Churned
False,198.3,80,187.0,2,no,no,0,0.007407407407407408,269,Not Churned
True,324.7,48,236.4,0,no,no,0,0.0,213,Churned
False,128.3,78,215.3,2,no,no,0,0.005747126436781609,347,Not Churned
False,187.9,110,200.5,2,no,no,0,0.005747126436781609,347,Not Churned
True,129.2,71,214.1,5,no,no,0,0.020491803278688523,243,Churned
True,125.5,106,128.9,4,yes,no,0,0.011834319526627219,337,Churned
False,257.2,108,224.3,1,no,yes,26,0.0028328611898017,352,Not Churned
False,124.6,90,146.4,1,no,no,0,0.003816793893129771,261,Not Churned
False,175.1,144,216.9,1,no,no,0,0.0027548209366391185,362,Not Churned
False,124.3,91,173.4,3,no,no,0,0.00964630225080386,310,Not Churned
False,271.6,130,156.0,2,no,no,0,0.005277044854881266,378,Not Churned
False,219.9,80,143.3,1,no,no,0,0.0036496350364963502,273,Not Churned
False,183.3,115,201.4,3,no,yes,33,0.009933774834437087,301,Not Churned
False,101.1,119,214.4,2,no,no,0,0.006578947368421052,303,Not Churned
False,203.3,70,228.9,1,no,no,0,0.0034602076124567475,288,Not Churned
False,175.4,88,190.0,2,no,yes,35,0.00796812749003984,250,Not Churned
True,266.0,97,214.6,2,no,no,0,0.006802721088435374,293,Churned
False,171.6,110,136.1,0,no,yes,41,0.0,298,Not Churned
False,78.7,98,225.6,0,no,no,0,0.0,314,Not Churned
False,211.9,110,215.1,0,no,yes,20,0.0,339,Not Churned
False,63.7,101,195.8,1,no,no,0,0.0034482758620689655,289,Not Churned
False,173.4,100,213.7,1,no,no,0,0.004032258064516129,247,Not Churned
False,237.7,98,207.1,0,yes,no,0,0.0,318,Not Churned
False,225.9,123,162.8,1,no,no,0,0.003134796238244514,318,Not Churned
False,173.0,101,209.4,0,yes,yes,32,0.0,289,Not Churned
False,224.9,102,143.8,0,no,no,0,0.0,296,Not Churned
False,237.7,122,181.5,1,no,no,0,0.0027100271002710027,368,Not Churned
False,137.0,128,217.0,2,no,no,0,0.005952380952380952,335,Not Churned
False,142.5,109,176.1,2,no,no,0,0.006493506493506494,307,Not Churned
False,142.4,126,126.2,1,no,no,0,0.003125,319,Not Churned
False,147.0,112,197.3,2,no,yes,21,0.007936507936507936,251,Not Churned
False,220.3,124,188.6,1,no,no,0,0.003048780487804878,327,Not Churned
False,149.2,96,260.7,1,no,no,0,0.0029850746268656717,334,Not Churned
False,204.4,88,137.5,0,no,no,0,0.0,303,Not Churned
False,216.8,77,207.3,1,no,no,0,0.0031847133757961785,313,Not Churned
False,308.0,123,247.8,1,no,yes,28,0.002793296089385475,357,Not Churned
False,58.0,125,67.5,0,no,no,0,0.0,380,Not Churned
False,173.2,80,236.2,2,no,no,0,0.007547169811320755,264,Not Churned
False,210.3,90,241.8,4,no,yes,19,0.014134275618374558,282,Not Churned
False,58.9,125,305.5,0,no,yes,24,0.0,294,Not Churned
False,236.8,102,167.1,3,no,no,0,0.00974025974025974,307,Not Churned
False,228.9,102,160.7,0,no,no,0,0.0,349,Not Churned
True,90.0,87,276.3,2,no,yes,32,0.006369426751592357,313,Churned
False,146.7,128,106.2,2,no,no,0,0.006430868167202572,310,Not Churned
False,237.3,83,154.0,1,no,no,0,0.0038461538461538464,259,Not Churned
True,162.8,118,229.6,0,yes,no,0,0.0,306,Churned
False,186.9,114,256.3,1,no,yes,20,0.003205128205128205,311,Not Churned
False,86.1,100,259.8,2,no,no,0,0.006622516556291391,301,Not Churned
False,212.3,89,215.4,2,no,no,0,0.00684931506849315,291,Not Churned
False,151.0,98,120.6,2,no,no,0,0.006644518272425249,300,Not Churned
False,158.6,67,130.4,2,no,no,0,0.008032128514056224,248,Not Churned
True,296.0,93,226.4,0,no,no,0,0.0,318,Churned
False,212.3,77,251.5,3,no,yes,32,0.012345679012345678,242,Not Churned
False,234.4,61,179.3,3,no,no,0,0.010135135135135136,295,Not Churned
False,176.8,92,187.5,2,no,no,0,0.0071174377224199285,280,Not Churned
False,157.3,123,257.7,0,no,yes,19,0.0,330,Not Churned
False,146.6,68,172.8,1,no,yes,26,0.00398406374501992,250,Not Churned
False,260.5,108,102.4,1,no,no,0,0.002688172043010753,371,Not Churned
False,146.1,98,277.4,1,no,yes,20,0.0032679738562091504,305,Not Churned
True,124.5,134,141.2,2,yes,no,0,0.006097560975609756,327,Churned
False,209.4,49,237.4,1,no,no,0,0.0036231884057971015,275,Not Churned
True,285.7,44,167.5,1,no,no,0,0.0034482758620689655,289,Churned
False,190.9,44,161.4,1,no,no,0,0.00390625,255,Not Churned
False,144.4,88,264.6,1,no,no,0,0.003436426116838488,290,Not Churned
False,208.8,130,132.9,2,no,yes,50,0.005780346820809248,345,Not Churned
False,77.6,141,207.0,1,no,yes,36,0.003134796238244514,318,Not Churned
True,271.1,101,237.4,1,no,no,0,0.0029069767441860465,343,Churned
False,240.8,104,144.5,0,no,no,0,0.0,295,Not Churned
False,114.8,98,192.6,0,no,no,0,0.0,312,Not Churned
False,138.8,80,142.0,1,no,yes,34,0.003663003663003663,272,Not Churned
False,209.8,112,155.0,0,no,yes,27,0.0,309,Not Churned
False,134.9,98,248.4,3,no,no,0,0.00872093023255814,343,Not Churned
False,164.0,99,153.1,0,yes,no,0,0.0,309,Not Churned
False,245.5,130,192.7,1,no,no,0,0.003676470588235294,271,Not Churned
False,80.3,94,199.9,0,no,yes,32,0.0,338,Not Churned
False,90.7,90,207.5,2,no,no,0,0.006644518272425249,300,Not Churned
False,190.3,115,256.6,1,no,yes,36,0.0029154518950437317,342,Not Churned
True,108.6,108,209.9,1,no,no,0,0.0028011204481792717,356,Churned
True,89.8,88,233.2,4,no,yes,17,0.013937282229965157,286,Churned
False,252.4,106,187.8,2,no,yes,15,0.006329113924050633,315,Not Churned
False,183.4,94,269.1,5,no,yes,32,0.019455252918287938,256,Not Churned
False,183.4,103,141.9,2,yes,no,0,0.005747126436781609,347,Not Churned
False,155.2,100,135.9,3,no,no,0,0.010869565217391304,275,Not Churned
False,165.8,122,186.9,1,no,yes,19,0.0034482758620689655,289,Not Churned
False,209.4,67,273.8,0,no,no,0,0.0,245,Not Churned
True,279.3,104,201.6,2,no,no,0,0.006825938566552901,292,Churned
False,174.1,102,99.1,2,no,no,0,0.0057306590257879654,348,Not Churned
False,175.7,78,184.6,2,no,no,0,0.007434944237918215,268,Not Churned
False,256.5,87,222.1,1,yes,no,0,0.0031847133757961785,313,Not Churned
False,170.2,89,187.5,0,no,no,0,0.0,275,Not Churned
False,139.6,92,250.2,1,no,no,0,0.003436426116838488,290,Not Churned
False,208.8,119,142.1,4,no,yes,34,0.012618296529968454,316,Not Churned
False,210.1,126,248.9,4,no,no,0,0.012307692307692308,324,Not Churned
False,113.6,87,158.6,2,no,no,0,0.007168458781362007,278,Not Churned
False,202.6,89,163.0,0,no,no,0,0.0,339,Not Churned
False,174.4,112,265.8,4,no,no,0,0.012422360248447204,321,Not Churned
False,210.6,117,164.2,0,no,no,0,0.0,293,Not Churned
False,121.5,88,253.0,1,no,no,0,0.002967359050445104,336,Not Churned
False,127.8,67,181.6,2,no,no,0,0.00816326530612245,244,Not Churned
False,135.2,98,242.0,2,no,no,0,0.006578947368421052,303,Not Churned
False,99.4,62,275.0,2,no,no,0,0.008130081300813009,245,Not Churned
True,276.9,105,246.9,1,no,no,0,0.0032258064516129032,309,Churned
True,163.4,134,240.1,2,no,no,0,0.005390835579514825,370,Churned
True,287.4,116,235.3,4,no,no,0,0.011111111111111112,359,Churned
False,120.5,104,227.8,1,no,yes,23,0.0030959752321981426,322,Not Churned
False,184.1,106,204.9,2,no,no,0,0.006389776357827476,312,Not Churned
False,185.0,84,232.5,3,no,no,0,0.01,299,Not Churned
False,160.9,109,144.2,1,no,no,0,0.0026954177897574125,370,Not Churned
False,207.6,68,251.6,2,no,no,0,0.006711409395973154,297,Not Churned
False,209.2,134,0.0,1,no,no,0,0.00425531914893617,234,Not Churned
False,158.4,71,306.6,1,yes,no,0,0.00425531914893617,234,Not Churned
True,149.0,73,131.0,2,no,no,0,0.00881057268722467,226,Churned
False,204.5,63,208.8,0,no,no,0,0.0,279,Not Churned
True,288.8,86,175.9,0,no,no,0,0.0,281,Churned
False,108.6,90,206.4,0,no,yes,40,0.0,366,Not Churned
False,97.5,129,260.4,1,no,no,0,0.003194888178913738,312,Not Churned
False,166.5,102,261.0,0,no,no,0,0.0,295,Not Churned
False,156.2,104,90.0,1,no,no,0,0.0030581039755351682,326,Not Churned
False,225.2,89,256.8,4,no,yes,31,0.013559322033898305,294,Not Churned
True,287.4,118,259.6,1,yes,no,0,0.003424657534246575,291,Churned
False,175.3,96,241.3,0,no,yes,19,0.0,353,Not Churned
False,102.1,75,219.5,0,no,no,0,0.0,269,Not Churned
False,157.9,103,259.6,0,no,no,0,0.0,312,Not Churned
False,146.5,73,246.4,1,no,yes,19,0.0038910505836575876,256,Not Churned
True,245.8,116,286.7,1,no,no,0,0.002976190476190476,335,Churned
False,177.7,114,215.6,1,yes,no,0,0.003367003367003367,296,Not Churned
False,250.8,146,152.5,2,yes,no,0,0.00554016620498615,360,Not Churned
True,117.8,100,199.2,0,no,no,0,0.0,328,Churned
False,119.7,113,189.7,2,no,no,0,0.006389776357827476,312,Not Churned
True,242.2,87,226.1,5,no,no,0,0.01597444089456869,312,Churned
False,163.4,83,249.3,7,no,no,0,0.02356902356902357,296,Not Churned
False,161.0,113,208.0,3,no,no,0,0.009009009009009009,332,Not Churned
False,128.7,111,169.5,1,no,no,0,0.0031446540880503146,317,Not Churned
False,81.6,94,268.1,1,no,no,0,0.0033333333333333335,299,Not Churned
False,207.7,91,199.7,1,no,yes,20,0.0031645569620253164,315,Not Churned
True,128.6,115,216.2,6,no,no,0,0.019867549668874173,301,Churned
False,233.3,65,209.8,1,no,no,0,0.003676470588235294,271,Not Churned
True,182.1,106,134.9,5,no,no,0,0.01718213058419244,290,Churned
True,168.0,81,163.2,6,no,yes,36,0.0182370820668693,328,Churned
False,251.6,88,175.1,1,no,no,0,0.003236245954692557,308,Not Churned
False,183.8,102,183.4,0,no,yes,30,0.0,284,Not Churned
True,256.4,44,214.5,3,no,no,0,0.01327433628318584,225,Churned
False,180.2,134,97.7,1,no,no,0,0.0028011204481792717,356,Not Churned
False,227.8,81,161.8,1,no,no,0,0.0034482758620689655,289,Not Churned
False,147.8,132,276.8,0,no,yes,20,0.0,342,Not Churned
True,234.9,136,270.8,1,no,no,0,0.00267379679144385,373,Churned
False,110.9,54,213.4,2,no,no,0,0.00784313725490196,254,Not Churned
False,124.5,94,231.7,1,no,yes,22,0.003278688524590164,304,Not Churned
True,233.5,81,187.7,0,yes,no,0,0.0,251,Churned
True,197.3,134,141.1,2,no,yes,35,0.006097560975609756,327,Churned
False,58.2,96,202.1,0,no,no,0,0.0,324,Not Churned
False,212.7,72,225.2,1,no,no,0,0.0037313432835820895,267,Not Churned
False,151.5,89,131.7,0,no,no,0,0.0,302,Not Churned
False,146.3,117,218.7,1,yes,no,0,0.003194888178913738,312,Not Churned
False,195.1,100,148.8,0,no,no,0,0.0,314,Not Churned
False,208.9,71,214.8,1,no,no,0,0.0036101083032490976,276,Not Churned
True,135.7,107,208.4,7,no,no,0,0.022653721682847898,308,Churned
True,225.9,86,275.6,3,no,no,0,0.009900990099009901,302,Churned
False,122.2,67,167.2,1,no,no,0,0.004273504273504274,233,Not Churned
False,153.3,106,224.5,2,no,no,0,0.005249343832020997,380,Not Churned
False,214.0,117,192.4,1,no,no,0,0.0032258064516129032,309,Not Churned
False,194.8,112,167.2,1,no,no,0,0.0037735849056603774,264,Not Churned
False,206.7,87,281.1,3,no,no,0,0.011857707509881422,252,Not Churned
False,188.0,105,151.3,2,no,yes,12,0.005747126436781609,347,Not Churned
True,122.3,83,118.8,3,yes,no,0,0.010869565217391304,275,Churned
False,259.3,96,175.2,3,no,no,0,0.01276595744680851,234,Not Churned
True,115.1,114,211.3,2,yes,no,0,0.007326007326007326,272,Churned
False,172.9,109,137.6,1,no,yes,28,0.003134796238244514,318,Not Churned
False,156.4,116,130.4,1,yes,no,0,0.002898550724637681,344,Not Churned
False,128.1,104,143.4,1,no,yes,24,0.003003003003003003,332,Not Churned
False,196.6,73,170.2,1,no,no,0,0.00425531914893617,234,Not Churned
True,227.9,130,302.6,1,no,no,0,0.003436426116838488,290,Churned
False,194.9,63,191.6,2,no,yes,31,0.007017543859649123,284,Not Churned
False,44.9,63,134.2,1,no,yes,34,0.003745318352059925,266,Not Churned
False,262.8,114,215.8,0,no,yes,30,0.0,334,Not Churned
False,211.2,70,252.7,0,no,no,0,0.0,299,Not Churned
False,204.0,69,225.1,1,no,no,0,0.003703703703703704,269,Not Churned
False,223.2,109,127.5,3,no,no,0,0.01060070671378092,282,Not Churned
False,119.0,82,187.5,1,no,no,0,0.003436426116838488,290,Not Churned
True,266.1,91,225.2,3,no,no,0,0.012658227848101266,236,Churned
False,134.4,104,152.4,1,no,no,0,0.0035335689045936395,282,Not Churned
False,171.1,78,257.2,1,no,no,0,0.0038910505836575876,256,Not Churned
False,170.5,103,254.3,2,no,no,0,0.006230529595015576,320,Not Churned
False,178.5,124,146.9,1,no,no,0,0.0026666666666666666,374,Not Churned
False,205.2,145,154.8,3,no,no,0,0.009287925696594427,322,Not Churned
False,232.8,97,183.5,0,no,yes,31,0.0,321,Not Churned
False,239.9,107,253.8,5,no,yes,39,0.018315018315018316,272,Not Churned
False,55.6,97,288.7,2,no,no,0,0.006802721088435374,293,Not Churned
False,153.5,78,241.9,1,no,yes,37,0.0033333333333333335,299,Not Churned
False,109.8,100,189.6,1,no,no,0,0.0034129692832764505,292,Not Churned
False,196.1,89,185.5,2,no,no,0,0.006349206349206349,314,Not Churned
False,166.8,127,143.5,0,no,no,0,0.0,382,Not Churned
False,113.2,96,269.9,2,no,yes,25,0.006711409395973154,297,Not Churned
False,203.0,92,150.9,1,no,no,0,0.002793296089385475,357,Not Churned
False,242.8,90,234.1,5,no,no,0,0.017985611510791366,277,Not Churned
False,156.5,102,140.2,2,no,no,0,0.005714285714285714,349,Not Churned
True,266.7,105,158.2,3,no,no,0,0.00974025974025974,307,Churned
False,182.0,80,216.1,1,no,yes,23,0.003968253968253968,251,Not Churned
False,85.9,92,193.9,0,no,no,0,0.0,314,Not Churned
False,146.6,87,114.8,0,no,yes,33,0.0,252,Not Churned
True,110.5,101,208.3,4,no,yes,35,0.015267175572519083,261,Churned
False,118.6,89,199.6,1,no,no,0,0.003952569169960474,252,Not Churned
False,197.6,105,80.0,2,no,yes,22,0.006993006993006993,285,Not Churned
False,210.3,116,192.2,6,no,yes,32,0.02027027027027027,295,Not Churned
False,220.3,96,285.8,4,no,yes,28,0.013986013986013986,285,Not Churned
False,150.0,98,232.4,1,no,no,0,0.00303951367781155,328,Not Churned
False,161.7,114,207.6,0,no,yes,34,0.0,347,Not Churned
False,191.4,116,167.4,3,no,no,0,0.009009009009009009,332,Not Churned
False,146.7,83,148.3,3,yes,no,0,0.012145748987854251,246,Not Churned
False,109.4,103,101.3,1,no,no,0,0.003048780487804878,327,Not Churned
False,144.1,115,249.8,1,no,no,0,0.0037174721189591076,268,Not Churned
False,248.9,93,170.8,1,no,yes,42,0.0033222591362126247,300,Not Churned
True,85.7,112,221.6,4,no,no,0,0.01532567049808429,260,Churned
False,214.8,112,209.7,3,no,no,0,0.009404388714733543,318,Not Churned
False,158.9,137,242.8,0,no,no,0,0.0,347,Not Churned
False,110.0,94,141.5,2,no,yes,28,0.007662835249042145,260,Not Churned
False,152.8,145,183.6,1,no,no,0,0.003076923076923077,324,Not Churned
False,145.6,103,197.1,0,no,no,0,0.0,327,Not Churned
False,93.3,83,199.6,0,no,no,0,0.0,305,Not Churned
False,216.8,134,187.8,0,no,no,0,0.0,350,Not Churned
False,201.9,101,154.7,1,no,no,0,0.0038314176245210726,260,Not Churned
False,146.4,81,225.1,1,no,no,0,0.0035587188612099642,280,Not Churned
True,272.7,74,224.9,2,no,no,0,0.00749063670411985,266,Churned
False,18.9,92,258.4,1,no,no,0,0.003968253968253968,251,Not Churned
False,172.8,81,193.4,2,no,no,0,0.007042253521126761,283,Not Churned
False,190.2,119,157.1,0,no,no,0,0.0,315,Not Churned
False,130.6,83,208.1,3,no,no,0,0.009900990099009901,302,Not Churned
True,158.4,92,188.0,4,no,no,0,0.011799410029498525,338,Churned
False,166.5,111,236.2,1,no,no,0,0.003289473684210526,303,Not Churned
False,129.3,103,202.8,2,no,no,0,0.006230529595015576,320,Not Churned
False,199.3,112,193.4,0,no,no,0,0.0,359,Not Churned
False,185.1,126,233.0,0,no,no,0,0.0,337,Not Churned
False,175.4,80,197.4,2,no,no,0,0.00641025641025641,311,Not Churned
False,263.4,123,151.9,2,no,no,0,0.006644518272425249,300,Not Churned
False,94.2,108,264.1,1,no,no,0,0.003436426116838488,290,Not Churned
False,189.4,83,219.0,3,no,no,0,0.010101010101010102,296,Not Churned
False,118.0,103,167.2,2,no,yes,35,0.006369426751592357,313,Not Churned
False,212.1,98,189.4,3,no,no,0,0.010416666666666666,287,Not Churned
False,222.0,93,187.0,2,no,no,0,0.0061162079510703364,326,Not Churned
False,222.8,98,180.5,0,no,yes,31,0.0,308,Not Churned
False,190.0,137,116.6,1,no,yes,25,0.003067484662576687,325,Not Churned
True,271.8,129,237.2,4,no,no,0,0.011396011396011397,350,Churned
False,195.4,83,268.2,3,no,yes,29,0.01079136690647482,277,Not Churned
False,199.6,93,214.3,3,no,no,0,0.00974025974025974,307,Not Churned
False,100.0,98,173.5,0,no,no,0,0.0,319,Not Churned
False,160.6,85,223.1,2,no,yes,21,0.007751937984496124,257,Not Churned
False,158.7,91,160.5,1,no,yes,26,0.0032258064516129032,309,Not Churned
True,154.5,122,214.2,3,no,no,0,0.009966777408637873,300,Churned
False,192.3,114,129.3,1,no,yes,34,0.0029154518950437317,342,Not Churned
True,305.1,106,188.0,0,no,no,0,0.0,342,Churned
False,193.0,106,153.6,2,no,yes,38,0.006557377049180328,304,Not Churned
False,72.5,88,204.0,1,no,no,0,0.003105590062111801,321,Not Churned
False,105.2,61,341.3,2,no,yes,40,0.008298755186721992,240,Not Churned
False,180.5,88,134.7,2,no,no,0,0.006872852233676976,290,Not Churned
False,214.7,86,314.3,0,no,yes,29,0.0,307,Not Churned
False,86.8,95,108.1,1,no,no,0,0.0036900369003690036,270,Not Churned
True,131.5,99,174.8,5,no,no,0,0.01597444089456869,312,Churned
False,135.4,102,237.1,0,no,no,0,0.0,319,Not Churned
False,174.3,85,254.1,6,no,no,0,0.02142857142857143,279,Not Churned
False,203.9,63,191.8,3,no,no,0,0.01048951048951049,285,Not Churned
False,235.5,108,142.3,0,no,no,0,0.0,387,Not Churned
False,157.0,113,256.9,2,no,no,0,0.0058997050147492625,338,Not Churned
False,111.9,55,223.0,3,yes,no,0,0.011194029850746268,267,Not Churned
False,236.3,91,152.8,3,yes,no,0,0.009146341463414634,327,Not Churned
False,163.6,88,283.4,0,no,no,0,0.0,298,Not Churned
False,213.6,127,175.9,1,no,yes,29,0.003194888178913738,312,Not Churned
False,143.4,72,170.0,3,no,yes,30,0.012658227848101266,236,Not Churned
False,78.3,119,198.2,1,no,no,0,0.003205128205128205,311,Not Churned
False,97.1,98,228.0,1,no,no,0,0.0029069767441860465,343,Not Churned
False,94.1,93,147.6,0,no,no,0,0.0,260,Not Churned
True,226.3,95,274.3,2,no,no,0,0.0061162079510703364,326,Churned
False,133.8,61,158.8,1,no,no,0,0.003968253968253968,251,Not Churned
False,190.3,93,249.0,1,no,yes,27,0.003257328990228013,306,Not Churned
False,294.9,106,165.7,3,no,yes,36,0.010344827586206896,289,Not Churned
False,185.4,114,191.4,2,no,no,0,0.006191950464396285,322,Not Churned
False,179.5,121,191.9,0,no,no,0,0.0,381,Not Churned
False,158.0,94,207.9,0,no,no,0,0.0,324,Not Churned
False,173.0,131,190.4,0,no,no,0,0.0,307,Not Churned
False,134.2,101,211.9,1,no,yes,32,0.002564102564102564,389,Not Churned
False,125.2,123,230.9,3,no,yes,32,0.008823529411764706,339,Not Churned
False,195.9,111,227.0,2,no,no,0,0.005988023952095809,333,Not Churned
False,214.2,61,181.2,0,no,yes,13,0.0,219,Not Churned
False,221.1,101,236.7,0,no,no,0,0.0,304,Not Churned
False,132.0,100,173.3,1,no,yes,26,0.0029850746268656717,334,Not Churned
False,157.6,92,198.3,1,no,no,0,0.0034482758620689655,289,Not Churned
False,110.3,71,182.4,2,no,yes,30,0.007246376811594203,275,Not Churned
False,161.5,121,192.9,0,yes,no,0,0.0,367,Not Churned
False,171.8,116,240.7,1,no,yes,28,0.00303951367781155,328,Not Churned
False,211.0,99,155.1,1,no,yes,32,0.0034482758620689655,289,Not Churned
True,139.3,89,192.3,7,no,no,0,0.026615969581749048,262,Churned
True,291.6,99,221.1,2,no,no,0,0.00641025641025641,311,Churned
False,139.0,110,132.9,0,no,no,0,0.0,324,Not Churned
False,234.8,125,199.2,4,no,no,0,0.012738853503184714,313,Not Churned
False,187.6,83,201.4,1,no,no,0,0.004081632653061225,244,Not Churned
False,159.8,143,210.1,2,no,no,0,0.006060606060606061,329,Not Churned
False,177.1,100,194.0,1,no,yes,33,0.0031746031746031746,314,Not Churned
False,117.9,101,160.4,0,no,no,0,0.0,353,Not Churned
False,247.6,95,256.3,2,no,yes,21,0.006172839506172839,323,Not Churned
False,169.9,77,138.3,1,no,no,0,0.002898550724637681,344,Not Churned
False,185.0,120,203.7,3,no,no,0,0.008771929824561403,341,Not Churned
False,204.9,84,201.0,0,no,yes,17,0.0,288,Not Churned
False,225.5,119,182.0,3,no,yes,24,0.008928571428571428,335,Not Churned
True,169.7,115,141.4,4,no,no,0,0.011204481792717087,356,Churned
False,239.3,102,223.4,0,no,no,0,0.0,339,Not Churned
True,113.3,96,197.9,4,no,no,0,0.014234875444839857,280,Churned
False,161.9,100,230.1,3,no,no,0,0.009146341463414634,327,Not Churned
False,133.3,110,185.7,2,no,yes,16,0.0058997050147492625,338,Not Churned
False,170.7,88,109.9,3,no,yes,25,0.009933774834437087,301,Not Churned
False,189.7,76,156.1,5,no,no,0,0.0211864406779661,235,Not Churned
True,322.3,100,230.4,2,no,no,0,0.005797101449275362,344,Churned
False,124.4,74,320.9,2,no,no,0,0.007067137809187279,282,Not Churned
False,146.9,94,114.3,3,no,no,0,0.00974025974025974,307,Not Churned
False,192.6,123,206.4,1,no,no,0,0.003076923076923077,324,Not Churned
False,96.3,83,179.6,1,no,yes,36,0.003355704697986577,297,Not Churned
False,131.9,96,167.6,3,no,no,0,0.009523809523809525,314,Not Churned
False,147.2,121,175.2,2,no,no,0,0.00684931506849315,291,Not Churned
False,143.1,139,239.6,2,no,no,0,0.0056179775280898875,355,Not Churned
False,280.4,127,179.4,5,no,no,0,0.017241379310344827,289,Not Churned
False,237.2,85,213.1,1,no,yes,31,0.0036101083032490976,276,Not Churned
False,184.2,95,181.6,2,no,no,0,0.006369426751592357,313,Not Churned
False,109.1,141,187.1,3,no,no,0,0.007772020725388601,385,Not Churned
True,138.1,115,158.2,5,no,no,0,0.015723270440251572,317,Churned
False,186.8,94,207.6,3,no,no,0,0.010380622837370242,288,Not Churned
False,155.4,112,290.9,1,no,no,0,0.0033222591362126247,300,Not Churned
False,245.3,91,122.9,4,no,no,0,0.012195121951219513,327,Not Churned
True,205.9,97,277.4,0,yes,no,0,0.0,355,Churned
False,207.2,138,214.1,1,no,no,0,0.0030211480362537764,330,Not Churned
False,151.5,100,248.7,2,no,yes,14,0.005681818181818182,351,Not Churned
True,221.9,112,278.2,0,no,no,0,0.0,324,Churned
False,190.0,100,246.6,1,no,no,0,0.0034482758620689655,289,Not Churned
False,220.8,111,156.2,2,no,no,0,0.007352941176470588,271,Not Churned
False,173.7,117,204.0,2,no,yes,47,0.0060790273556231,328,Not Churned
False,114.8,94,150.0,2,no,no,0,0.006211180124223602,321,Not Churned
False,113.8,97,192.3,3,no,no,0,0.010526315789473684,284,Not Churned
True,143.2,60,179.5,4,yes,no,0,0.011560693641618497,345,Churned
False,184.4,111,203.8,3,no,no,0,0.009174311926605505,326,Not Churned
False,227.4,67,248.0,1,no,no,0,0.003355704697986577,297,Not Churned
False,224.0,99,210.7,0,no,no,0,0.0,259,Not Churned
False,216.2,95,185.7,2,no,no,0,0.0057306590257879654,348,Not Churned
False,129.9,121,230.1,0,no,no,0,0.0,352,Not Churned
False,230.1,108,287.6,2,no,yes,30,0.007326007326007326,272,Not Churned
False,204.4,97,273.2,1,no,no,0,0.0028653295128939827,348,Not Churned
False,216.6,101,173.1,1,no,yes,44,0.003355704697986577,297,Not Churned
True,247.5,85,225.4,2,no,no,0,0.006389776357827476,312,Churned
False,228.1,93,136.4,1,no,no,0,0.003236245954692557,308,Not Churned
True,225.9,110,299.1,1,no,no,0,0.0035460992907801418,281,Churned
True,103.5,115,117.9,4,no,no,0,0.012698412698412698,314,Churned
False,115.5,70,252.2,0,no,no,0,0.0,310,Not Churned
False,218.8,125,148.3,1,no,no,0,0.0030211480362537764,330,Not Churned
False,223.8,67,244.8,3,no,no,0,0.009900990099009901,302,Not Churned
False,143.8,71,184.0,3,no,no,0,0.008849557522123894,338,Not Churned
False,29.9,123,129.1,2,no,yes,43,0.005681818181818182,351,Not Churned
False,276.7,121,203.7,0,no,yes,28,0.0,311,Not Churned
False,141.4,128,146.4,0,no,no,0,0.0,277,Not Churned
False,153.9,102,140.7,1,no,yes,41,0.003067484662576687,325,Not Churned
False,190.5,128,205.5,0,no,no,0,0.0,299,Not Churned
False,192.6,102,178.9,1,no,no,0,0.0033444816053511705,298,Not Churned
False,151.8,115,103.6,1,yes,no,0,0.003105590062111801,321,Not Churned
False,215.6,74,192.9,5,no,no,0,0.017857142857142856,279,Not Churned
False,180.0,100,229.0,3,no,no,0,0.00946372239747634,316,Not Churned
False,157.3,116,197.5,2,no,no,0,0.006472491909385114,308,Not Churned
False,196.5,88,158.6,0,no,no,0,0.0,338,Not Churned
False,240.3,130,162.5,0,no,no,0,0.0,352,Not Churned
False,193.3,126,154.7,3,no,no,0,0.00949367088607595,315,Not Churned
False,211.9,40,274.4,1,no,yes,39,0.0038461538461538464,259,Not Churned
False,218.7,111,155.6,1,yes,no,0,0.003205128205128205,311,Not Churned
True,246.8,110,206.3,0,yes,no,0,0.0,301,Churned
True,174.7,151,148.0,6,no,no,0,0.01875,319,Churned
True,240.0,83,134.1,0,no,no,0,0.0,275,Churned
False,181.2,76,177.6,2,no,yes,37,0.006369426751592357,313,Not Churned
False,113.7,67,165.1,1,no,no,0,0.0029411764705882353,339,Not Churned
False,174.7,86,160.6,0,no,yes,41,0.0,288,Not Churned
False,211.1,89,223.5,2,no,yes,29,0.006622516556291391,301,Not Churned
False,169.3,108,178.6,1,no,no,0,0.0035087719298245615,284,Not Churned
False,247.4,107,175.9,0,no,no,0,0.0,275,Not Churned
False,131.2,63,227.4,2,no,yes,32,0.006756756756756757,295,Not Churned
False,161.4,84,163.6,1,no,no,0,0.0033444816053511705,298,Not Churned
False,107.2,98,86.8,1,yes,no,0,0.0029239766081871343,341,Not Churned
False,211.9,120,202.9,1,no,yes,32,0.0028011204481792717,356,Not Churned
False,160.4,120,285.9,3,no,no,0,0.009554140127388535,313,Not Churned
False,230.7,101,256.8,1,no,yes,40,0.0035087719298245615,284,Not Churned
False,232.6,96,253.4,1,no,no,0,0.0030864197530864196,323,Not Churned
True,294.7,90,294.6,1,no,no,0,0.003484320557491289,286,Churned
False,133.4,107,223.9,1,no,no,0,0.0030959752321981426,322,Not Churned
False,306.2,123,189.7,0,no,yes,22,0.0,315,Not Churned
False,236.8,135,186.4,2,no,no,0,0.0058823529411764705,339,Not Churned
True,125.7,92,275.9,3,yes,yes,24,0.009836065573770493,304,Churned
False,168.4,114,276.0,1,yes,no,0,0.0034129692832764505,292,Not Churned
False,70.9,134,134.5,2,no,no,0,0.004796163069544364,416,Not Churned
False,105.0,86,121.8,0,no,yes,38,0.0,335,Not Churned
False,152.1,141,215.5,1,no,no,0,0.0027247956403269754,366,Not Churned
False,180.9,79,194.9,3,yes,no,0,0.010676156583629894,280,Not Churned
False,156.6,84,161.5,1,no,yes,31,0.003401360544217687,293,Not Churned
False,180.5,85,224.1,0,no,yes,24,0.0,283,Not Churned
False,238.8,100,230.0,1,no,yes,30,0.0033783783783783786,295,Not Churned
False,182.1,66,213.6,2,no,yes,18,0.008032128514056224,248,Not Churned
False,139.6,72,332.8,2,no,yes,35,0.005714285714285714,349,Not Churned
False,200.3,76,253.6,0,no,yes,12,0.0,279,Not Churned
False,153.5,94,251.7,1,no,no,0,0.0031446540880503146,317,Not Churned
False,128.2,119,171.7,3,yes,yes,29,0.009287925696594427,322,Not Churned
False,159.5,145,202.3,2,no,no,0,0.005797101449275362,344,Not Churned
True,226.4,101,276.8,3,no,no,0,0.012096774193548387,247,Churned
False,251.9,81,194.6,2,no,no,0,0.007462686567164179,267,Not Churned
True,264.5,117,194.0,2,no,no,0,0.005813953488372093,343,Churned
False,153.7,105,188.6,0,no,no,0,0.0,289,Not Churned
False,232.1,81,210.8,5,no,no,0,0.018115942028985508,275,Not Churned
False,201.9,86,212.3,1,no,no,0,0.003436426116838488,290,Not Churned
False,186.9,79,182.6,1,no,no,0,0.0034602076124567475,288,Not Churned
False,196.6,89,180.6,1,no,yes,27,0.003663003663003663,272,Not Churned
False,232.1,102,168.2,1,no,no,0,0.002976190476190476,335,Not Churned
False,166.0,79,74.6,0,no,no,0,0.0,260,Not Churned
False,200.6,96,164.1,1,no,yes,28,0.00273224043715847,365,Not Churned
False,141.0,101,212.0,3,no,yes,25,0.009174311926605505,326,Not Churned
False,245.0,95,216.9,0,no,yes,34,0.0,294,Not Churned
False,140.8,140,228.6,1,yes,no,0,0.0028169014084507044,354,Not Churned
True,255.1,93,266.9,3,no,no,0,0.009615384615384616,311,Churned
False,125.0,99,235.3,2,no,yes,33,0.007067137809187279,282,Not Churned
False,180.6,65,280.4,1,no,no,0,0.003663003663003663,272,Not Churned
True,248.7,118,172.3,1,yes,no,0,0.0035587188612099642,280,Churned
False,178.1,111,236.7,0,no,yes,30,0.0,340,Not Churned
True,122.2,112,131.7,5,yes,no,0,0.015527950310559006,321,Churned
False,231.3,87,224.7,1,no,no,0,0.003968253968253968,251,Not Churned
False,111.2,101,122.1,3,no,no,0,0.01060070671378092,282,Not Churned
True,103.2,117,236.3,0,yes,yes,44,0.0,306,Churned
True,138.4,104,158.9,4,no,no,0,0.012944983818770227,308,Churned
False,146.3,85,216.6,0,no,no,0,0.0,265,Not Churned
False,206.3,66,241.1,0,no,no,0,0.0,283,Not Churned
False,132.0,103,279.6,0,no,no,0,0.0,295,Not Churned
False,274.6,105,161.1,2,no,no,0,0.005649717514124294,353,Not Churned
False,185.3,87,225.3,0,no,no,0,0.0,270,Not Churned
False,154.8,69,177.2,1,no,yes,24,0.0035587188612099642,280,Not Churned
False,179.2,105,283.2,1,no,yes,30,0.0036900369003690036,270,Not Churned
True,286.2,61,187.2,2,yes,no,0,0.008333333333333333,239,Churned
False,268.0,115,153.6,3,no,no,0,0.010416666666666666,287,Not Churned
False,137.5,110,198.1,2,no,no,0,0.0056179775280898875,355,Not Churned
False,243.0,115,191.8,2,no,no,0,0.006557377049180328,304,Not Churned
False,134.9,79,221.5,1,no,no,0,0.0031847133757961785,313,Not Churned
False,234.2,76,216.7,1,no,no,0,0.003236245954692557,308,Not Churned
False,175.1,73,171.9,1,no,no,0,0.0034482758620689655,289,Not Churned
False,142.2,107,262.4,1,no,no,0,0.0033783783783783786,295,Not Churned
False,132.4,81,200.3,2,no,no,0,0.006756756756756757,295,Not Churned
False,97.8,98,207.2,0,no,yes,24,0.0,293,Not Churned
True,266.9,83,229.7,3,no,no,0,0.011406844106463879,262,Churned
False,155.2,139,268.3,3,no,yes,33,0.01020408163265306,293,Not Churned
False,200.2,92,244.9,1,no,no,0,0.0033444816053511705,298,Not Churned
True,289.1,100,233.8,2,no,no,0,0.005747126436781609,347,Churned
False,198.4,121,249.5,1,yes,no,0,0.002890173410404624,345,Not Churned
False,180.3,67,208.0,2,no,no,0,0.00823045267489712,242,Not Churned
False,86.3,84,238.7,2,no,no,0,0.007575757575757576,263,Not Churned
True,295.0,141,223.6,2,no,no,0,0.0056179775280898875,355,Churned
False,240.9,108,167.4,3,no,no,0,0.00946372239747634,316,Not Churned
False,207.7,109,217.5,1,no,no,0,0.0029154518950437317,342,Not Churned
False,128.5,115,163.7,1,no,yes,27,0.003048780487804878,327,Not Churned
False,224.4,114,146.0,1,no,yes,22,0.003115264797507788,320,Not Churned
False,164.9,115,126.5,2,no,no,0,0.005780346820809248,345,Not Churned
False,238.0,97,164.5,2,no,no,0,0.006006006006006006,332,Not Churned
False,231.0,85,222.3,2,no,yes,43,0.007194244604316547,277,Not Churned
True,107.3,140,238.2,4,no,no,0,0.010178117048346057,392,Churned
False,185.0,122,182.5,1,no,no,0,0.0031746031746031746,314,Not Churned
False,244.1,71,203.4,3,no,yes,31,0.012048192771084338,248,Not Churned
False,238.4,96,246.5,3,no,no,0,0.008620689655172414,347,Not Churned
False,141.1,109,224.7,1,no,yes,27,0.003048780487804878,327,Not Churned
False,158.1,117,115.2,0,no,no,0,0.0,365,Not Churned
False,220.1,105,222.2,0,no,yes,30,0.0,318,Not Churned
True,199.5,119,135.0,4,no,yes,42,0.015267175572519083,261,Churned
False,109.5,105,286.1,1,no,no,0,0.0031446540880503146,317,Not Churned
False,187.2,110,114.7,1,no,no,0,0.0031746031746031746,314,Not Churned
False,107.9,128,187.0,0,no,no,0,0.0,300,Not Churned
True,172.1,119,223.6,1,yes,yes,22,0.0027247956403269754,366,Churned
False,203.8,85,87.8,1,no,no,0,0.003105590062111801,321,Not Churned
False,160.0,133,215.3,0,no,no,0,0.0,322,Not Churned
False,51.1,106,208.6,1,no,no,0,0.0029498525073746312,338,Not Churned
False,227.7,88,170.0,1,no,no,0,0.004048582995951417,246,Not Churned
False,203.8,77,205.1,1,no,no,0,0.0033333333333333335,299,Not Churned
False,241.7,84,165.8,1,no,yes,33,0.003968253968253968,251,Not Churned
False,78.1,70,239.3,1,no,no,0,0.0033112582781456954,301,Not Churned
False,187.8,95,149.2,2,no,no,0,0.0056179775280898875,355,Not Churned
False,127.1,94,228.3,1,no,yes,21,0.003105590062111801,321,Not Churned
True,280.0,113,202.2,0,no,no,0,0.0,310,Churned
False,153.2,78,210.8,1,yes,no,0,0.0035587188612099642,280,Not Churned
False,137.1,88,155.7,2,no,yes,26,0.006349206349206349,314,Not Churned
True,186.1,114,198.6,4,yes,no,0,0.011764705882352941,339,Churned
False,224.1,127,238.8,2,no,yes,22,0.006535947712418301,305,Not Churned
False,83.6,131,203.9,1,no,yes,29,0.0029498525073746312,338,Not Churned
False,203.9,109,234.0,4,no,no,0,0.013245033112582781,301,Not Churned
False,211.3,87,165.7,1,no,no,0,0.0038022813688212928,262,Not Churned
False,219.4,112,225.7,4,yes,no,0,0.012738853503184714,313,Not Churned
False,190.4,91,92.0,2,no,no,0,0.006172839506172839,323,Not Churned
False,147.7,94,283.3,2,no,no,0,0.006514657980456026,306,Not Churned
False,229.9,130,144.4,2,no,no,0,0.005917159763313609,337,Not Churned
False,102.8,128,143.7,1,no,no,0,0.003067484662576687,325,Not Churned
False,178.7,81,233.7,1,no,no,0,0.0035714285714285713,279,Not Churned
False,148.5,106,114.5,0,no,yes,18,0.0,314,Not Churned
False,164.1,111,219.1,0,no,yes,29,0.0,324,Not Churned
False,197.2,90,188.5,1,yes,no,0,0.0032679738562091504,305,Not Churned
False,124.9,131,300.5,2,no,no,0,0.005555555555555556,359,Not Churned
False,115.4,99,209.9,3,no,no,0,0.009009009009009009,332,Not Churned
True,140.0,101,196.4,4,yes,no,0,0.012658227848101266,315,Churned
False,193.9,118,85.0,3,no,no,0,0.008086253369272238,370,Not Churned
True,321.1,105,265.5,4,no,no,0,0.013245033112582781,301,Churned
True,118.4,126,249.3,5,no,no,0,0.0176678445229682,282,Churned
False,169.8,114,197.7,1,no,no,0,0.0032679738562091504,305,Not Churned
False,193.4,99,116.9,2,no,no,0,0.006644518272425249,300,Not Churned
False,106.6,128,284.8,1,no,no,0,0.0031746031746031746,314,Not Churned
False,134.7,98,189.7,2,no,no,0,0.006666666666666667,299,Not Churned
False,156.2,77,215.5,2,no,yes,36,0.006825938566552901,292,Not Churned
False,231.1,57,153.4,3,no,no,0,0.0125,239,Not Churned
False,180.8,109,288.8,2,no,no,0,0.007547169811320755,264,Not Churned
False,213.8,105,159.6,2,yes,no,0,0.005934718100890208,336,Not Churned
False,234.4,113,265.9,0,no,yes,25,0.0,276,Not Churned
